street,city,zip,state,beds,baths,sq__ft,type,sale_date,price,latitude,longitude,is_zero_area,is_outlier_price
3526 HIGH ST,SACRAMENTO,95838,CA,2,1,836,Residential,20080521,59222,38.631913,-121.434879,0,0
51 OMAHA CT,SACRAMENTO,95823,CA,3,1,1167,Residential,20080521,68212,38.478902,-121.431028,0,0
2796 BRANCH ST,SACRAMENTO,95815,CA,2,1,796,Residential,20080521,68880,38.618305,-121.443839,0,0
2805 JANETTE WAY,SACRAMENTO,95815,CA,2,1,852,Residential,20080521,69307,38.616835,-121.439146,0,0
6001 MCMAHON DR,SACRAMENTO,95824,CA,2,1,797,Residential,20080521,81900,38.51947,-121.435768,0,0
5828 PEPPERMILL CT,SACRAMENTO,95841,CA,3,1,1122,Condo,20080521,89921,38.662595,-121.327813,0,0
6048 OGDEN NASH WAY,SACRAMENTO,95842,CA,3,2,1104,Residential,20080521,90895,38.681659,-121.351705,0,0
2561 19TH AVE,SACRAMENTO,95820,CA,3,1,1177,Residential,20080521,91002,38.535092,-121.481367,0,0
11150 TRINITY RIVER DR Unit 114,RANCHO CORDOVA,95670,CA,2,2,941,Condo,20080521,94905,38.621188,-121.270555,0,0
7325 10TH ST,RIO LINDA,95673,CA,3,2,1146,Residential,20080521,98937,38.700909,-121.442979,0,0
645 MORRISON AVE,SACRAMENTO,95838,CA,3,2,909,Residential,20080521,100309,38.637663,-121.45152,0,0
4085 FAWN CIR,SACRAMENTO,95823,CA,3,2,1289,Residential,20080521,106250,38.470746,-121.458918,0,0
2930 LA ROSA RD,SACRAMENTO,95815,CA,1,1,871,Residential,20080521,106852,38.618698,-121.435833,0,0
2113 KIRK WAY,SACRAMENTO,95822,CA,3,1,1020,Residential,20080521,107502,38.482215,-121.492603,0,0
4533 LOCH HAVEN WAY,SACRAMENTO,95842,CA,2,2,1022,Residential,20080521,108750,38.672914,-121.35934,0,0
7340 HAMDEN PL,SACRAMENTO,95842,CA,2,2,1134,Condo,20080521,110700,38.700051,-121.351278,0,0
6715 6TH ST,RIO LINDA,95673,CA,2,1,844,Residential,20080521,113263,38.689591,-121.452239,0,0
6236 LONGFORD DR Unit 1,CITRUS HEIGHTS,95621,CA,2,1,795,Condo,20080521,116250,38.679776,-121.314089,0,0
250 PERALTA AVE,SACRAMENTO,95833,CA,2,1,588,Residential,20080521,120000,38.612099,-121.469095,0,0
113 LEEWILL AVE,RIO LINDA,95673,CA,3,2,1356,Residential,20080521,121630,38.689999,-121.46322,0,0
6118 STONEHAND AVE,CITRUS HEIGHTS,95621,CA,3,2,1118,Residential,20080521,122000,38.707851,-121.320707,0,0
4882 BANDALIN WAY,SACRAMENTO,95823,CA,4,2,1329,Residential,20080521,122682,38.468173,-121.444071,0,0
7511 OAKVALE CT,NORTH HIGHLANDS,95660,CA,4,2,1240,Residential,20080521,123000,38.702792,-121.38221,0,0
9 PASTURE CT,SACRAMENTO,95834,CA,3,2,1601,Residential,20080521,124100,38.628631,-121.488097,0,0
3729 BAINBRIDGE DR,NORTH HIGHLANDS,95660,CA,3,2,901,Residential,20080521,125000,38.701499,-121.37622,0,0
3828 BLACKFOOT WAY,ANTELOPE,95843,CA,3,2,1088,Residential,20080521,126640,38.70974,-121.37377,0,0
4108 NORTON WAY,SACRAMENTO,95820,CA,3,1,963,Residential,20080521,127281,38.537526,-121.478315,0,0
1469 JANRICK AVE,SACRAMENTO,95832,CA,3,2,1119,Residential,20080521,129000,38.476472,-121.501711,0,0
9861 CULP WAY,SACRAMENTO,95827,CA,4,2,1380,Residential,20080521,131200,38.558423,-121.327948,0,0
7825 CREEK VALLEY CIR,SACRAMENTO,95828,CA,3,2,1248,Residential,20080521,132000,38.472122,-121.404199,0,0
5201 LAGUNA OAKS DR Unit 140,ELK GROVE,95758,CA,2,2,1039,Condo,20080521,133000,38.423251,-121.444489,0,0
6768 MEDORA DR,NORTH HIGHLANDS,95660,CA,3,2,1152,Residential,20080521,134555,38.691161,-121.37192,0,0
3100 EXPLORER DR,SACRAMENTO,95827,CA,3,2,1380,Residential,20080521,136500,38.566663,-121.332644,0,0
7944 DOMINION WAY,ELVERTA,95626,CA,3,2,1116,Residential,20080521,138750,38.713182,-121.411227,0,0
5201 LAGUNA OAKS DR Unit 162,ELK GROVE,95758,CA,2,2,1039,Condo,20080521,141000,38.423251,-121.444489,0,0
3920 SHINING STAR DR,SACRAMENTO,95823,CA,3,2,1418,Residential,20080521,146250,38.48742,-121.462459,0,0
5031 CORVAIR ST,NORTH HIGHLANDS,95660,CA,3,2,1082,Residential,20080521,147308,38.658246,-121.375469,0,0
7661 NIXOS WAY,SACRAMENTO,95823,CA,4,2,1472,Residential,20080521,148750,38.479553,-121.463317,0,0
7044 CARTHY WAY,SACRAMENTO,95828,CA,4,2,1146,Residential,20080521,149593,38.49857,-121.420925,0,0
2442 LARKSPUR LN,SACRAMENTO,95825,CA,1,1,760,Condo,20080521,150000,38.58514,-121.403736,0,0
4800 WESTLAKE PKWY Unit 2109,SACRAMENTO,95835,CA,2,2,1304,Condo,20080521,152000,38.658812,-121.542345,0,0
2178 63RD AVE,SACRAMENTO,95822,CA,3,2,1207,Residential,20080521,154000,38.493955,-121.48966,0,0
8718 ELK WAY,ELK GROVE,95624,CA,3,2,1056,Residential,20080521,156896,38.41653,-121.379653,0,0
5708 RIDGEPOINT DR,ANTELOPE,95843,CA,2,2,1043,Residential,20080521,161250,38.72027,-121.331555,0,0
7315 KOALA CT,NORTH HIGHLANDS,95660,CA,4,2,1587,Residential,20080521,161500,38.699251,-121.371414,0,0
2622 ERIN DR,SACRAMENTO,95833,CA,4,1,1120,Residential,20080521,164000,38.613765,-121.488694,0,0
8421 SUNBLAZE WAY,SACRAMENTO,95823,CA,4,2,1580,Residential,20080521,165000,38.450543,-121.432538,0,0
7420 ALIX PKWY,SACRAMENTO,95823,CA,4,1,1955,Residential,20080521,166357,38.489405,-121.452811,0,0
3820 NATOMA WAY,SACRAMENTO,95838,CA,4,2,1656,Residential,20080521,166357,38.636748,-121.422159,0,0
4431 GREEN TREE DR,SACRAMENTO,95823,CA,3,2,1477,Residential,20080521,168000,38.499954,-121.454469,0,0
9417 SARA ST,ELK GROVE,95624,CA,3,2,1188,Residential,20080521,170000,38.415518,-121.370527,0,0
8299 HALBRITE WAY,SACRAMENTO,95828,CA,4,2,1590,Residential,20080521,173000,38.473814,-121.4,0,0
7223 KALLIE KAY LN,SACRAMENTO,95823,CA,3,2,1463,Residential,20080521,174250,38.477553,-121.419463,0,0
8156 STEINBECK WAY,SACRAMENTO,95828,CA,4,2,1714,Residential,20080521,174313,38.474853,-121.406326,0,0
7957 VALLEY GREEN DR,SACRAMENTO,95823,CA,3,2,1185,Residential,20080521,178480,38.465184,-121.434925,0,0
1122 WILD POPPY CT,GALT,95632,CA,3,2,1406,Residential,20080521,178760,38.287789,-121.294715,0,0
4520 BOMARK WAY,SACRAMENTO,95842,CA,4,2,1943,Multi-Family,20080521,179580,38.665724,-121.358576,0,0
9012 KIEFER BLVD,SACRAMENTO,95826,CA,3,2,1172,Residential,20080521,181000,38.547011,-121.366217,0,0
5332 SANDSTONE ST,CARMICHAEL,95608,CA,3,1,1152,Residential,20080521,181872,38.662105,-121.313945,0,0
5993 SAWYER CIR,SACRAMENTO,95823,CA,4,3,1851,Residential,20080521,182587,38.4473,-121.435218,0,0
4844 CLYDEBANK WAY,ANTELOPE,95843,CA,3,2,1215,Residential,20080521,182716,38.714609,-121.347887,0,0
306 CAMELLIA WAY,GALT,95632,CA,3,2,1130,Residential,20080521,182750,38.260443,-121.297864,0,0
9021 MADISON AVE,ORANGEVALE,95662,CA,4,2,1603,Residential,20080521,183200,38.664186,-121.217511,0,0
404 6TH ST,GALT,95632,CA,3,1,1479,Residential,20080521,188741,38.251808,-121.302493,0,0
8317 SUNNY CREEK WAY,SACRAMENTO,95823,CA,3,2,1420,Residential,20080521,189000,38.459041,-121.424644,0,0
2617 BASS CT,SACRAMENTO,95826,CA,3,2,1280,Residential,20080521,192067,38.560767,-121.377471,0,0
7005 TIANT WAY,ELK GROVE,95758,CA,3,2,1586,Residential,20080521,194000,38.422811,-121.423285,0,0
7895 CABER WAY,ANTELOPE,95843,CA,3,2,1362,Residential,20080521,194818,38.711279,-121.393449,0,0
7624 BOGEY CT,SACRAMENTO,95828,CA,4,4,2162,Multi-Family,20080521,195000,38.48009,-121.415102,0,0
6930 HAMPTON COVE WAY,SACRAMENTO,95823,CA,3,2,1266,Residential,20080521,198000,38.44004,-121.421012,0,0
8708 MESA BROOK WAY,ELK GROVE,95624,CA,4,2,1715,Residential,20080521,199500,38.44076,-121.385792,0,0
120 GRANT LN,FOLSOM,95630,CA,3,2,1820,Residential,20080521,200000,38.687742,-121.17104,0,0
5907 ELLERSLEE DR,CARMICHAEL,95608,CA,3,1,936,Residential,20080521,200000,38.664468,-121.32683,0,0
17 SERASPI CT,SACRAMENTO,95834,CA,0,0,0,Residential,20080521,206000,38.631481,-121.50188,1,0
170 PENHOW CIR,SACRAMENTO,95834,CA,3,2,1511,Residential,20080521,208000,38.653439,-121.535169,0,0
8345 STAR THISTLE WAY,SACRAMENTO,95823,CA,4,2,1590,Residential,20080521,212864,38.454349,-121.439239,0,0
9080 FRESCA WAY,ELK GROVE,95758,CA,4,2,1596,Residential,20080521,221000,38.427818,-121.424026,0,0
391 NATALINO CIR,SACRAMENTO,95835,CA,2,2,1341,Residential,20080521,221000,38.67307,-121.506373,0,0
8373 BLACKMAN WAY,ELK GROVE,95624,CA,5,3,2136,Residential,20080521,223058,38.435436,-121.394536,0,0
9837 CORTE DORADO CT,ELK GROVE,95624,CA,4,2,1616,Residential,20080521,227887,38.400676,-121.38101,0,0
5037 J PKWY,SACRAMENTO,95823,CA,3,2,1478,Residential,20080521,231477,38.491399,-121.443547,0,0
10245 LOS PALOS DR,RANCHO CORDOVA,95670,CA,3,2,1287,Residential,20080521,234697,38.593699,-121.31089,0,0
6613 NAVION DR,CITRUS HEIGHTS,95621,CA,4,2,1277,Residential,20080521,235000,38.702855,-121.31308,0,0
2887 AZEVEDO DR,SACRAMENTO,95833,CA,4,2,1448,Residential,20080521,236000,38.618457,-121.509439,0,0
9186 KINBRACE CT,SACRAMENTO,95829,CA,4,3,2235,Residential,20080521,236685,38.463355,-121.358936,0,0
4243 MIDDLEBURY WAY,MATHER,95655,CA,3,2,2093,Residential,20080521,237800,38.547991,-121.280483,0,0
1028 FALLON PLACE CT,RIO LINDA,95673,CA,3,2,1193,Residential,20080521,240122,38.693818,-121.441153,0,0
4804 NORIKER DR,ELK GROVE,95757,CA,3,2,2163,Residential,20080521,242638,38.400974,-121.448424,0,0
7713 HARVEST WOODS DR,SACRAMENTO,95828,CA,3,2,1269,Residential,20080521,244000,38.478198,-121.412911,0,0
2866 KARITSA AVE,SACRAMENTO,95833,CA,0,0,0,Residential,20080521,244500,38.626671,-121.52597,1,0
6913 RICHEVE WAY,SACRAMENTO,95828,CA,3,1,958,Residential,20080521,244960,38.502519,-121.420769,0,0
8636 TEGEA WAY,ELK GROVE,95624,CA,5,3,2508,Residential,20080521,245918,38.443832,-121.382087,0,0
5448 MAIDSTONE WAY,CITRUS HEIGHTS,95621,CA,3,2,1305,Residential,20080521,250000,38.665395,-121.293288,0,0
18 OLLIE CT,ELK GROVE,95758,CA,4,2,1591,Residential,20080521,250000,38.444909,-121.412345,0,0
4010 ALEX LN,CARMICHAEL,95608,CA,2,2,1326,Condo,20080521,250134,38.637028,-121.312963,0,0
4901 MILLNER WAY,ELK GROVE,95757,CA,3,2,1843,Residential,20080521,254200,38.38692,-121.447349,0,0
4818 BRITTNEY LEE CT,SACRAMENTO,95841,CA,4,2,1921,Residential,20080521,254200,38.653917,-121.34218,0,0
5529 LAGUNA PARK DR,ELK GROVE,95758,CA,5,3,2790,Residential,20080521,258000,38.42568,-121.438062,0,0
230 CANDELA CIR,SACRAMENTO,95835,CA,3,2,1541,Residential,20080521,260000,38.656251,-121.547572,0,0
4900 71ST ST,SACRAMENTO,95820,CA,3,1,1018,Residential,20080521,260014,38.53151,-121.421089,0,0
12209 CONSERVANCY WAY,RANCHO CORDOVA,95742,CA,0,0,0,Residential,20080521,263500,38.553867,-121.219141,1,0
4236 NATOMAS CENTRAL DR,SACRAMENTO,95834,CA,3,2,1672,Condo,20080521,265000,38.648879,-121.544023,0,0
5615 LUPIN LN,POLLOCK PINES,95726,CA,3,2,1380,Residential,20080521,265000,38.708315,-120.603872,0,0
5625 JAMES WAY,SACRAMENTO,95822,CA,3,1,975,Residential,20080521,271742,38.523947,-121.484946,0,0
7842 LAHONTAN CT,SACRAMENTO,95829,CA,4,3,2372,Residential,20080521,273750,38.472976,-121.318633,0,0
6850 21ST ST,SACRAMENTO,95822,CA,3,2,1446,Residential,20080521,275086,38.502194,-121.490795,0,0
2900 BLAIR RD,POLLOCK PINES,95726,CA,2,2,1284,Residential,20080521,280908,38.75485,-120.60476,0,0
2064 EXPEDITION WAY,SACRAMENTO,95832,CA,4,3,3009,Residential,20080521,280987,38.474099,-121.490711,0,0
2912 NORCADE CIR,SACRAMENTO,95826,CA,8,4,3612,Multi-Family,20080521,282400,38.559505,-121.364839,0,0
9507 SEA CLIFF WAY,ELK GROVE,95758,CA,4,2,2056,Residential,20080521,285000,38.410992,-121.479043,0,0
8882 AUTUMN GOLD CT,ELK GROVE,95624,CA,4,2,1993,Residential,20080521,287417,38.4439,-121.37255,0,0
5322 WHITE LOTUS WAY,ELK GROVE,95757,CA,3,2,1857,Residential,20080521,291000,38.391538,-121.442596,0,0
1838 CASTRO WAY,SACRAMENTO,95818,CA,2,1,1126,Residential,20080521,292024,38.556098,-121.490787,0,0
10158 CRAWFORD WAY,SACRAMENTO,95827,CA,4,4,2213,Multi-Family,20080521,297000,38.5703,-121.315735,0,0
7731 MASTERS ST,ELK GROVE,95758,CA,5,3,2494,Residential,20080521,297000,38.442031,-121.410873,0,0
4925 PERCHERON DR,ELK GROVE,95757,CA,3,2,1843,Residential,20080521,298000,38.40154,-121.447649,0,0
2010 PROMONTORY POINT LN,GOLD RIVER,95670,CA,2,2,1520,Residential,20080521,299000,38.62869,-121.261669,0,0
4727 SAVOIE WAY,SACRAMENTO,95835,CA,5,3,2800,Residential,20080521,304037,38.658182,-121.549521,0,0
8664 MAGNOLIA HILL WAY,ELK GROVE,95624,CA,4,2,2309,Residential,20080521,311000,38.442352,-121.389675,0,0
9570 HARVEST ROSE WAY,SACRAMENTO,95827,CA,5,3,2367,Residential,20080521,315537,38.555993,-121.340352,0,0
4359 CREGAN CT,RANCHO CORDOVA,95742,CA,5,4,3516,Residential,20080521,320000,38.545128,-121.224922,0,0
5337 DUSTY ROSE WAY,RANCHO CORDOVA,95742,CA,0,0,0,Residential,20080521,320000,38.528575,-121.2286,1,0
8929 SUTTERS GOLD DR,SACRAMENTO,95826,CA,4,3,1914,Residential,20080521,328360,38.550848,-121.370224,0,0
8025 PEERLESS AVE,ORANGEVALE,95662,CA,2,1,1690,Residential,20080521,334150,38.71147,-121.216214,0,0
4620 WELERA WAY,ELK GROVE,95757,CA,3,3,2725,Residential,20080521,335750,38.398609,-121.450148,0,0
9723 TERRAPIN CT,ELK GROVE,95757,CA,4,3,2354,Residential,20080521,335750,38.403492,-121.430224,0,0
2115 SMOKESTACK WAY,SACRAMENTO,95833,CA,0,0,0,Residential,20080521,339500,38.602416,-121.542965,1,0
100 REBECCA WAY,FOLSOM,95630,CA,3,2,2185,Residential,20080521,344250,38.68479,-121.149199,0,0
9488 OAK VILLAGE WAY,ELK GROVE,95758,CA,4,2,1801,Residential,20080521,346210,38.41333,-121.404999,0,0
8495 DARTFORD DR,SACRAMENTO,95823,CA,3,3,1961,Residential,20080521,347029,38.448507,-121.421346,0,0
6708 PONTA DO SOL WAY,ELK GROVE,95757,CA,4,2,3134,Residential,20080521,347650,38.380635,-121.425538,0,0
4143 SEA MEADOW WAY,SACRAMENTO,95823,CA,4,3,1915,Residential,20080521,351300,38.46534,-121.457519,0,0
3020 RICHARDSON CIR,EL DORADO HILLS,95762,CA,3,2,0,Residential,20080521,352000,38.691299,-121.081752,1,0
8082 LINDA ISLE LN,SACRAMENTO,95831,CA,0,0,0,Residential,20080521,370000,38.4772,-121.5215,1,0
15300 MURIETA SOUTH PKWY,RANCHO MURIETA,95683,CA,4,3,2734,Residential,20080521,370500,38.4874,-121.075129,0,0
11215 SHARRMONT CT,WILTON,95693,CA,3,2,2110,Residential,20080521,372000,38.35062,-121.228349,0,0
7105 DANBERG WAY,ELK GROVE,95757,CA,5,3,3164,Residential,20080521,375000,38.4019,-121.420388,0,0
5579 JERRY LITELL WAY,SACRAMENTO,95835,CA,5,3,3599,Residential,20080521,381300,38.677126,-121.500519,0,0
1050 FOXHALL WAY,SACRAMENTO,95831,CA,4,2,2054,Residential,20080521,381942,38.509819,-121.519661,0,0
7837 ABBINGTON WAY,ANTELOPE,95843,CA,4,2,1830,Residential,20080521,387731,38.709873,-121.339472,0,0
1300 F ST,SACRAMENTO,95814,CA,3,3,1627,Residential,20080521,391000,38.58355,-121.487289,0,0
6801 RAWLEY WAY,ELK GROVE,95757,CA,4,3,3440,Residential,20080521,394470,38.408351,-121.423925,0,0
1693 SHELTER COVE DR,GREENWOOD,95635,CA,3,2,2846,Residential,20080521,395000,38.945357,-120.908822,0,0
9361 WADDELL LN,ELK GROVE,95624,CA,4,3,2359,Residential,20080521,400186,38.450829,-121.349928,0,0
10 SEA FOAM CT,SACRAMENTO,95831,CA,3,3,2052,Residential,20080521,415000,38.487885,-121.545947,0,0
6945 RIO TEJO WAY,ELK GROVE,95757,CA,5,3,3433,Residential,20080521,425000,38.385638,-121.422616,0,0
4186 TULIP PARK WAY,RANCHO CORDOVA,95742,CA,5,3,3615,Residential,20080521,430000,38.550617,-121.23526,0,0
9278 DAIRY CT,ELK GROVE,95624,CA,0,0,0,Residential,20080521,445000,38.420338,-121.363757,1,0
207 ORANGE BLOSSOM CIR Unit C,FOLSOM,95630,CA,5,3,2687,Residential,20080521,460000,38.646273,-121.175322,0,0
6507 RIO DE ONAR WAY,ELK GROVE,95757,CA,4,3,2724,Residential,20080521,461000,38.38253,-121.428007,0,0
7004 RAWLEY WAY,ELK GROVE,95757,CA,4,3,3440,Residential,20080521,489332,38.406421,-121.422081,0,0
6503 RIO DE ONAR WAY,ELK GROVE,95757,CA,5,4,3508,Residential,20080521,510000,38.38253,-121.428038,0,0
2217 APPALOOSA CT,FOLSOM,95630,CA,4,2,2462,Residential,20080521,539000,38.655167,-121.090178,0,1
868 HILDEBRAND CIR,FOLSOM,95630,CA,0,0,0,Residential,20080521,585000,38.670947,-121.097727,1,1
6030 PALERMO WAY,EL DORADO HILLS,95762,CA,4,3,0,Residential,20080521,600000,38.672761,-121.050378,1,1
4070 REDONDO DR,EL DORADO HILLS,95762,CA,4,3,0,Residential,20080521,606238,38.666807,-121.06483,1,1
4004 CRESTA WAY,SACRAMENTO,95864,CA,3,3,2325,Residential,20080521,660000,38.591618,-121.370626,0,1
315 JUMEL CT,EL DORADO HILLS,95762,CA,6,5,0,Residential,20080521,830000,38.669931,-121.05958,1,1
6272 LONGFORD DR Unit 1,CITRUS HEIGHTS,95621,CA,2,1,795,Condo,20080520,69000,38.680923,-121.313945,0,0
3432 Y ST,SACRAMENTO,95817,CA,4,2,1099,Residential,20080520,70000,38.554967,-121.468046,0,0
9512 EMERALD PARK DR Unit 3,ELK GROVE,95624,CA,2,1,840,Condo,20080520,71000,38.40573,-121.369832,0,0
3132 CLAY ST,SACRAMENTO,95815,CA,2,1,800,Residential,20080520,78000,38.624678,-121.439203,0,0
5221 38TH AVE,SACRAMENTO,95824,CA,2,1,746,Residential,20080520,78400,38.518044,-121.443555,0,0
6112 HERMOSA ST,SACRAMENTO,95822,CA,3,1,1067,Residential,20080520,80000,38.515125,-121.480416,0,0
483 ARCADE BLVD,SACRAMENTO,95815,CA,4,2,1316,Residential,20080520,89000,38.623571,-121.454884,0,0
671 SONOMA AVE,SACRAMENTO,95815,CA,3,1,1337,Residential,20080520,90000,38.622953,-121.450142,0,0
5980 79TH ST,SACRAMENTO,95824,CA,2,1,868,Residential,20080520,90000,38.518373,-121.411779,0,0
7607 ELDER CREEK RD,SACRAMENTO,95824,CA,3,1,924,Residential,20080520,92000,38.51055,-121.414768,0,0
5028 14TH AVE,SACRAMENTO,95820,CA,2,1,610,Residential,20080520,93675,38.53942,-121.446894,0,0
14788 NATCHEZ CT,RANCHO MURIETA,95683,CA,0,0,0,Residential,20080520,97750,38.492287,-121.100032,1,0
1069 ACACIA AVE,SACRAMENTO,95815,CA,2,1,1220,Residential,20080520,98000,38.621998,-121.442238,0,0
5201 LAGUNA OAKS DR Unit 199,ELK GROVE,95758,CA,1,1,722,Condo,20080520,98000,38.423251,-121.444489,0,0
3847 LAS PASAS WAY,SACRAMENTO,95864,CA,3,1,1643,Residential,20080520,99000,38.588672,-121.373916,0,0
5201 LAGUNA OAKS DR Unit 172,ELK GROVE,95758,CA,1,1,722,Condo,20080520,100000,38.423251,-121.444489,0,0
1121 CREEKSIDE WAY,GALT,95632,CA,3,1,1080,Residential,20080520,106716,38.241514,-121.312199,0,0
5307 CABRILLO WAY,SACRAMENTO,95820,CA,3,1,1039,Residential,20080520,111000,38.52712,-121.435348,0,0
3725 DON JULIO BLVD,NORTH HIGHLANDS,95660,CA,3,1,1051,Residential,20080520,111000,38.67895,-121.379406,0,0
4803 MCCLOUD DR,SACRAMENTO,95842,CA,2,2,967,Residential,20080520,114800,38.682279,-121.352817,0,0
10542 SILVERWOOD WAY,RANCHO CORDOVA,95670,CA,3,1,1098,Residential,20080520,120108,38.587156,-121.295778,0,0
6318 39TH AVE,SACRAMENTO,95824,CA,3,1,1050,Residential,20080520,123225,38.518942,-121.430158,0,0
211 MCDANIEL CIR,SACRAMENTO,95838,CA,3,2,1110,Residential,20080520,123750,38.636565,-121.460383,0,0
3800 LYNHURST WAY,NORTH HIGHLANDS,95660,CA,3,1,888,Residential,20080520,125000,38.650445,-121.374861,0,0
6139 HERMOSA ST,SACRAMENTO,95822,CA,3,2,1120,Residential,20080520,125000,38.514665,-121.480411,0,0
2505 RHINE WAY,ELVERTA,95626,CA,3,2,1080,Residential,20080520,126000,38.717976,-121.407684,0,0
3692 PAYNE WAY,NORTH HIGHLANDS,95660,CA,3,1,957,Residential,20080520,129000,38.66654,-121.378298,0,0
604 MORRISON AVE,SACRAMENTO,95838,CA,2,1,952,Residential,20080520,134000,38.637678,-121.452476,0,0
648 SANTA ANA AVE,SACRAMENTO,95838,CA,3,2,1211,Residential,20080520,135000,38.658478,-121.450409,0,0
14 ASHLEY OAKS CT,SACRAMENTO,95815,CA,3,2,1264,Residential,20080520,135500,38.61779,-121.436765,0,0
3174 NORTHVIEW DR,SACRAMENTO,95833,CA,3,1,1080,Residential,20080520,140000,38.623817,-121.477827,0,0
840 TRANQUIL LN,GALT,95632,CA,3,2,1266,Residential,20080520,140000,38.270617,-121.299205,0,0
5333 PRIMROSE DR Unit 19A,FAIR OAKS,95628,CA,2,2,994,Condo,20080520,142500,38.662785,-121.276272,0,0
1035 MILLET WAY,SACRAMENTO,95834,CA,3,2,1202,Residential,20080520,143500,38.631056,-121.48508,0,0
5201 LAGUNA OAKS DR Unit 126,ELK GROVE,95758,CA,0,0,0,Condo,20080520,145000,38.423251,-121.444489,1,0
3328 22ND AVE,SACRAMENTO,95820,CA,2,1,722,Residential,20080520,145000,38.532727,-121.470783,0,0
8001 HARTWICK WAY,SACRAMENTO,95828,CA,4,2,1448,Residential,20080520,145000,38.488623,-121.410582,0,0
7812 HARTWICK WAY,SACRAMENTO,95828,CA,3,2,1188,Residential,20080520,145000,38.488611,-121.412808,0,0
4207 PAINTER WAY,NORTH HIGHLANDS,95660,CA,4,2,1183,Residential,20080520,146000,38.692915,-121.367497,0,0
7458 WINKLEY WAY,SACRAMENTO,95822,CA,3,1,1320,Residential,20080520,148500,38.487444,-121.491366,0,0
8354 SUNRISE WOODS WAY,SACRAMENTO,95828,CA,3,2,1117,Residential,20080520,149000,38.473288,-121.3963,0,0
8116 COTTONMILL CIR,SACRAMENTO,95828,CA,3,2,1364,Residential,20080520,150000,38.482876,-121.405912,0,0
4660 CEDARWOOD WAY,SACRAMENTO,95823,CA,4,2,1310,Residential,20080520,150000,38.484834,-121.449316,0,0
9254 HARROGATE WAY,ELK GROVE,95758,CA,2,2,1006,Residential,20080520,152000,38.420138,-121.412179,0,0
6716 TAREYTON WAY,CITRUS HEIGHTS,95621,CA,3,2,1104,Residential,20080520,156000,38.693724,-121.307169,0,0
2028 ROBERT WAY,SACRAMENTO,95825,CA,2,1,810,Residential,20080520,156000,38.609982,-121.419263,0,0
9346 AIZENBERG CIR,ELK GROVE,95624,CA,2,2,1123,Residential,20080520,156000,38.41875,-121.370019,0,0
4524 LOCH HAVEN WAY,SACRAMENTO,95842,CA,2,1,904,Residential,20080520,157788,38.67273,-121.359645,0,0
7140 BLUE SPRINGS WAY,CITRUS HEIGHTS,95621,CA,3,2,1156,Residential,20080520,161653,38.720653,-121.302241,0,0
4631 11TH AVE,SACRAMENTO,95820,CA,2,1,1321,Residential,20080520,161829,38.541965,-121.452132,0,0
3228 BAGGAN CT,ANTELOPE,95843,CA,3,2,1392,Residential,20080520,165000,38.715346,-121.388163,0,0
8515 DARTFORD DR,SACRAMENTO,95823,CA,3,2,1439,Residential,20080520,168000,38.448288,-121.420719,0,0
4500 TIPPWOOD WAY,SACRAMENTO,95842,CA,3,2,1159,Residential,20080520,169000,38.69951,-121.359989,0,0
2460 EL ROCCO WAY,RANCHO CORDOVA,95670,CA,3,2,1671,Residential,20080520,175000,38.591477,-121.31534,0,0
8244 SUNBIRD WAY,SACRAMENTO,95823,CA,3,2,1740,Residential,20080520,176250,38.457654,-121.431381,0,0
5841 VALLEY VALE WAY,SACRAMENTO,95823,CA,3,2,1265,Residential,20080520,179000,38.461283,-121.434322,0,0
7863 CRESTLEIGH CT,ANTELOPE,95843,CA,2,2,1007,Residential,20080520,180000,38.710889,-121.358876,0,0
7129 SPRINGMONT DR,ELK GROVE,95758,CA,3,2,1716,Residential,20080520,180400,38.417649,-121.420294,0,0
8284 RED FOX WAY,ELK GROVE,95758,CA,4,2,1685,Residential,20080520,182000,38.417182,-121.397231,0,0
2219 EL CANTO CIR,RANCHO CORDOVA,95670,CA,4,2,1829,Residential,20080520,184500,38.592383,-121.318669,0,0
8907 GEMWOOD WAY,ELK GROVE,95758,CA,3,2,1555,Residential,20080520,185000,38.435471,-121.441173,0,0
5925 MALEVILLE AVE,CARMICHAEL,95608,CA,4,2,1120,Residential,20080520,189000,38.666564,-121.325717,0,0
7031 CANEVALLEY CIR,CITRUS HEIGHTS,95621,CA,3,2,1137,Residential,20080520,194000,38.718693,-121.303619,0,0
3949 WILDROSE WAY,SACRAMENTO,95826,CA,3,1,1174,Residential,20080520,195000,38.543697,-121.366683,0,0
4437 MITCHUM CT,ANTELOPE,95843,CA,3,2,1393,Residential,20080520,200000,38.704407,-121.36113,0,0
2778 KAWEAH CT,CAMERON PARK,95682,CA,3,1,0,Residential,20080520,201000,38.694052,-120.995589,1,0
1636 ALLENWOOD CIR,LINCOLN,95648,CA,4,2,0,Residential,20080520,202500,38.879192,-121.309477,1,0
8151 QUAIL RIDGE CT,SACRAMENTO,95828,CA,3,2,1289,Residential,20080520,205000,38.461296,-121.390858,0,0
4899 WIND CREEK DR,SACRAMENTO,95838,CA,4,2,1799,Residential,20080520,205000,38.655887,-121.446119,0,0
2370 BIG CANYON CREEK RD,PLACERVILLE,95667,CA,3,2,0,Residential,20080520,205000,38.74458,-120.794254,1,0
6049 HAMBURG WAY,SACRAMENTO,95823,CA,4,3,1953,Residential,20080520,205000,38.443253,-121.431992,0,0
4232 71ST ST,SACRAMENTO,95820,CA,2,1,723,Residential,20080520,207000,38.536741,-121.42115,0,0
3361 BOW MAR CT,CAMERON PARK,95682,CA,2,2,0,Residential,20080520,210000,38.69437,-120.996602,1,0
1889 COLD SPRINGS RD,PLACERVILLE,95667,CA,2,1,948,Residential,20080520,211500,38.739774,-120.860243,0,0
5805 HIMALAYA WAY,CITRUS HEIGHTS,95621,CA,4,2,1578,Residential,20080520,215000,38.696489,-121.328555,0,0
7944 SYLVAN OAK WAY,CITRUS HEIGHTS,95610,CA,3,2,1317,Residential,20080520,215000,38.710388,-121.261096,0,0
3139 SPOONWOOD WAY Unit 1,SACRAMENTO,95833,CA,0,0,0,Residential,20080520,215500,38.626582,-121.52151,1,0
6217 LEOLA WAY,SACRAMENTO,95824,CA,3,1,1360,Residential,20080520,222381,38.513066,-121.451909,0,0
2340 HURLEY WAY,SACRAMENTO,95825,CA,0,0,0,Condo,20080520,225000,38.588816,-121.408549,1,0
3035 BRUNNET LN,SACRAMENTO,95833,CA,3,2,1522,Residential,20080520,225000,38.624762,-121.522775,0,0
3025 EL PRADO WAY,SACRAMENTO,95825,CA,4,2,1751,Residential,20080520,225000,38.606603,-121.394147,0,0
9387 GRANITE FALLS CT,ELK GROVE,95624,CA,3,2,1465,Residential,20080520,225000,38.419214,-121.348533,0,0
9257 CALDERA WAY,SACRAMENTO,95826,CA,4,2,1605,Residential,20080520,228000,38.55821,-121.355022,0,0
441 ARLINGDALE CIR,RIO LINDA,95673,CA,4,2,1475,Residential,20080520,229665,38.702893,-121.454949,0,0
2284 LOS ROBLES RD,MEADOW VISTA,95722,CA,3,1,1216,Residential,20080520,230000,39.008159,-121.03623,0,0
8164 CHENIN BLANC LN,FAIR OAKS,95628,CA,2,2,1315,Residential,20080520,230000,38.665644,-121.259969,0,0
4620 CHAMBERLIN CIR,ELK GROVE,95757,CA,3,2,1567,Residential,20080520,230000,38.390557,-121.449805,0,0
5340 BIRK WAY,SACRAMENTO,95835,CA,3,2,1776,Residential,20080520,234000,38.672495,-121.515251,0,0
51 ANJOU CIR,SACRAMENTO,95835,CA,3,2,2187,Residential,20080520,235000,38.661658,-121.540633,0,0
2125 22ND AVE,SACRAMENTO,95822,CA,3,1,1291,Residential,20080520,236250,38.534596,-121.493121,0,0
611 BLOSSOM ROCK LN,FOLSOM,95630,CA,0,0,0,Condo,20080520,240000,38.6457,-121.1197,1,0
8830 ADUR RD,ELK GROVE,95624,CA,0,0,0,Residential,20080520,242000,38.43742,-121.372876,1,0
7344 BUTTERBALL WAY,SACRAMENTO,95842,CA,3,2,1503,Residential,20080520,245000,38.699489,-121.361828,0,0
8219 GWINHURST CIR,SACRAMENTO,95828,CA,4,3,2491,Residential,20080520,245000,38.459711,-121.384283,0,0
3240 S ST,SACRAMENTO,95816,CA,2,1,1269,Residential,20080520,245000,38.562296,-121.467489,0,0
221 PICASSO CIR,SACRAMENTO,95835,CA,0,0,0,Residential,20080520,250000,38.676658,-121.528128,1,0
5706 GREENACRES WAY,ORANGEVALE,95662,CA,3,2,1176,Residential,20080520,250000,38.669882,-121.213533,0,0
6900 LONICERA DR,ORANGEVALE,95662,CA,4,2,1456,Residential,20080520,250000,38.692199,-121.250975,0,0
419 DAWNRIDGE RD,ROSEVILLE,95678,CA,3,2,1498,Residential,20080520,250000,38.725283,-121.297953,0,0
5312 MARBURY WAY,ANTELOPE,95843,CA,3,2,1574,Residential,20080520,255000,38.710221,-121.341651,0,0
6344 BONHAM CIR,CITRUS HEIGHTS,95610,CA,5,4,2085,Multi-Family,20080520,256054,38.682358,-121.272876,0,0
8207 YORKTON WAY,SACRAMENTO,95829,CA,3,2,2170,Residential,20080520,257729,38.45967,-121.360461,0,0
7922 MANSELL WAY,ELK GROVE,95758,CA,4,2,1595,Residential,20080520,260000,38.409634,-121.410787,0,0
5712 MELBURY CIR,ANTELOPE,95843,CA,3,2,1567,Residential,20080520,261000,38.705849,-121.334701,0,0
632 NEWBRIDGE LN,LINCOLN,95648,CA,4,2,0,Residential,20080520,261800,38.879084,-121.298586,1,0
1570 GLIDDEN AVE,SACRAMENTO,95822,CA,4,2,1253,Residential,20080520,264469,38.482704,-121.500433,0,0
8108 FILIFERA WAY,ANTELOPE,95843,CA,4,3,1768,Residential,20080520,265000,38.717042,-121.35468,0,0
230 BANKSIDE WAY,SACRAMENTO,95835,CA,0,0,0,Residential,20080520,270000,38.676937,-121.529244,1,0
5342 CALABRIA WAY,SACRAMENTO,95835,CA,4,3,2030,Residential,20080520,270000,38.671807,-121.498274,0,0
47 NAPONEE CT,SACRAMENTO,95835,CA,3,2,1531,Residential,20080520,270000,38.665704,-121.529096,0,0
4236 ADRIATIC SEA WAY,SACRAMENTO,95834,CA,0,0,0,Residential,20080520,270000,38.647961,-121.543162,1,0
8864 REMBRANT CT,ELK GROVE,95624,CA,4,3,1653,Residential,20080520,275000,38.435288,-121.375703,0,0
9455 SEA CLIFF WAY,ELK GROVE,95758,CA,4,2,2056,Residential,20080520,275000,38.411522,-121.481406,0,0
9720 LITTLE HARBOR WAY,ELK GROVE,95624,CA,4,3,2494,Residential,20080520,280000,38.404934,-121.352405,0,0
8806 PHOENIX AVE,FAIR OAKS,95628,CA,3,2,1450,Residential,20080520,286013,38.660322,-121.230101,0,0
3578 LOGGERHEAD WAY,SACRAMENTO,95834,CA,4,2,2169,Residential,20080520,292000,38.633028,-121.526755,0,0
1416 LOCKHART WAY,ROSEVILLE,95747,CA,3,2,1440,Residential,20080520,292000,38.752399,-121.330328,0,0
5413 BUENA VENTURA WAY,FAIR OAKS,95628,CA,3,2,1527,Residential,20080520,293993,38.664552,-121.255937,0,0
37 WHITE BIRCH CT,ROSEVILLE,95678,CA,3,2,1401,Residential,20080520,294000,38.776327,-121.284514,0,0
405 MARLIN SPIKE WAY,SACRAMENTO,95838,CA,3,2,1411,Residential,20080520,296769,38.65783,-121.456842,0,0
1102 CHESLEY LN,LINCOLN,95648,CA,4,4,0,Residential,20080520,297500,38.864864,-121.313988,1,0
11281 STANFORD COURT LN Unit 604,GOLD RIVER,95670,CA,0,0,0,Condo,20080520,300000,38.625289,-121.260286,1,0
7320 6TH ST,RIO LINDA,95673,CA,3,1,1284,Residential,20080520,300000,38.700553,-121.452223,0,0
993 MANTON CT,GALT,95632,CA,4,3,2307,Residential,20080520,300000,38.272942,-121.289148,0,0
4487 PANORAMA DR,PLACERVILLE,95667,CA,3,2,1329,Residential,20080520,300000,38.694559,-120.848157,0,0
5651 OVERLEAF WAY,SACRAMENTO,95835,CA,4,2,1910,Residential,20080520,300500,38.677454,-121.494791,0,0
2015 PROMONTORY POINT LN,GOLD RIVER,95670,CA,3,2,1981,Residential,20080520,305000,38.628732,-121.261149,0,0
3224 PARKHAM DR,ROSEVILLE,95747,CA,0,0,0,Residential,20080520,306500,38.772771,-121.364877,1,0
15 VANESSA PL,SACRAMENTO,95835,CA,0,0,0,Residential,20080520,312500,38.668692,-121.54549,1,0
1312 RENISON LN,LINCOLN,95648,CA,5,3,0,Residential,20080520,315000,38.866409,-121.308485,1,0
8 RIVER RAFT CT,SACRAMENTO,95823,CA,4,2,2205,Residential,20080520,319789,38.447353,-121.434969,0,0
2251 LAMPLIGHT LN,LINCOLN,95648,CA,2,2,1449,Residential,20080520,330000,38.849924,-121.275729,0,0
106 FARHAM DR,FOLSOM,95630,CA,3,2,1258,Residential,20080520,330000,38.667834,-121.168578,0,0
5405 NECTAR CIR,ELK GROVE,95757,CA,3,2,2575,Residential,20080520,331000,38.387014,-121.440967,0,0
5411 10TH AVE,SACRAMENTO,95820,CA,2,1,539,Residential,20080520,334000,38.542727,-121.442449,0,0
3512 RAINSONG CIR,RANCHO CORDOVA,95670,CA,4,3,2208,Residential,20080520,336000,38.573488,-121.282809,0,0
1106 55TH ST,SACRAMENTO,95819,CA,3,1,1108,Residential,20080520,339000,38.563805,-121.436395,0,0
411 ILLSLEY WAY,FOLSOM,95630,CA,4,2,1595,Residential,20080520,339000,38.652002,-121.129504,0,0
796 BUTTERCUP CIR,GALT,95632,CA,4,2,2159,Residential,20080520,345000,38.279581,-121.300828,0,0
1230 SANDRA CIR,PLACERVILLE,95667,CA,4,3,2295,Residential,20080520,350000,38.738141,-120.784145,0,0
318 ANACAPA DR,ROSEVILLE,95678,CA,3,2,1838,Residential,20080520,356000,38.782094,-121.297133,0,0
3975 SHINING STAR DR,SACRAMENTO,95823,CA,4,2,1900,Residential,20080520,361745,38.487409,-121.461413,0,0
1620 BASLER ST,SACRAMENTO,95811,CA,4,2,1718,Residential,20080520,361948,38.591822,-121.478644,0,0
9688 NATURE TRAIL WAY,ELK GROVE,95757,CA,5,3,3389,Residential,20080520,370000,38.405224,-121.479275,0,0
5924 TANUS CIR,ROCKLIN,95677,CA,4,2,0,Residential,20080520,380000,38.778691,-121.204292,1,0
9629 CEDAR OAK WAY,ELK GROVE,95757,CA,5,4,3260,Residential,20080520,385000,38.405527,-121.431746,0,0
3429 FERNBROOK CT,CAMERON PARK,95682,CA,3,2,2016,Residential,20080520,399000,38.664225,-121.007173,0,0
2121 HANNAH WAY,ROCKLIN,95765,CA,4,2,2607,Residential,20080520,402000,38.805749,-121.280931,0,0
10104 ANNIE ST,ELK GROVE,95757,CA,4,3,2724,Residential,20080520,406026,38.390465,-121.443479,0,0
1092 MAUGHAM CT,GALT,95632,CA,5,4,3746,Residential,20080520,420000,38.271646,-121.286848,0,0
5404 ALMOND FALLS WAY,RANCHO CORDOVA,95742,CA,0,0,0,Residential,20080520,425000,38.527502,-121.233492,1,0
6306 CONEJO,RANCHO MURIETA,95683,CA,4,2,3192,Residential,20080520,425000,38.512602,-121.087233,0,0
14 CASA VATONI PL,SACRAMENTO,95834,CA,0,0,0,Residential,20080520,433500,38.650221,-121.551704,1,0
1456 EAGLESFIELD LN,LINCOLN,95648,CA,4,3,0,Residential,20080520,436746,38.857635,-121.311375,1,0
4100 BOTHWELL CIR,EL DORADO HILLS,95762,CA,5,3,0,Residential,20080520,438700,38.679136,-121.034329,1,0
427 21ST ST,SACRAMENTO,95811,CA,2,1,1247,Residential,20080520,445000,38.582604,-121.47576,0,0
1044 GALSTON DR,FOLSOM,95630,CA,4,2,2581,Residential,20080520,450000,38.676306,-121.09954,0,0
4440 SYCAMORE AVE,SACRAMENTO,95841,CA,3,1,2068,Residential,20080520,460000,38.646374,-121.353658,0,0
1032 SOUZA DR,EL DORADO HILLS,95762,CA,3,2,0,Residential,20080520,460000,38.668239,-121.064437,1,0
9760 LAZULITE CT,ELK GROVE,95624,CA,4,3,3992,Residential,20080520,460000,38.403609,-121.335541,0,0
241 LANFRANCO CIR,SACRAMENTO,95835,CA,4,4,3397,Residential,20080520,465000,38.665696,-121.549437,0,0
5559 NORTHBOROUGH DR,SACRAMENTO,95835,CA,5,3,3881,Residential,20080520,471750,38.677225,-121.519687,0,0
2125 BIG SKY DR,ROCKLIN,95765,CA,5,3,0,Residential,20080520,480000,38.801637,-121.278798,1,0
2109 HAMLET PL,CARMICHAEL,95608,CA,2,2,1598,Residential,20080520,484000,38.602754,-121.329326,0,0
9970 STATE HIGHWAY 193,PLACERVILLE,95667,CA,4,3,1929,Residential,20080520,485000,38.787877,-120.816676,0,0
2901 PINTAIL WAY,ELK GROVE,95757,CA,4,3,3070,Residential,20080520,495000,38.398488,-121.473424,0,0
201 FIRESTONE DR,ROSEVILLE,95678,CA,0,0,0,Residential,20080520,500500,38.770153,-121.300039,1,0
1740 HIGH ST,AUBURN,95603,CA,3,3,0,Residential,20080520,504000,38.891935,-121.08434,1,0
2733 DANA LOOP,EL DORADO HILLS,95762,CA,0,0,0,Residential,20080520,541000,38.628459,-121.055078,1,1
9741 SADDLEBRED CT,WILTON,95693,CA,0,0,0,Residential,20080520,560000,38.408841,-121.198039,1,1
7756 TIGERWOODS DR,SACRAMENTO,95829,CA,5,3,3984,Residential,20080520,572500,38.47643,-121.309243,0,1
5709 RIVER OAK WAY,CARMICHAEL,95608,CA,4,2,2222,Residential,20080520,582000,38.602461,-121.330979,0,1
2981 WRINGER DR,ROSEVILLE,95661,CA,4,3,3838,Residential,20080520,613401,38.735373,-121.227072,0,1
8616 ROCKPORTE CT,ROSEVILLE,95747,CA,4,2,0,Residential,20080520,614000,38.742118,-121.359909,1,1
4128 HILL ST,FAIR OAKS,95628,CA,5,5,2846,Residential,20080520,680000,38.64167,-121.262099,0,1
1409 47TH ST,SACRAMENTO,95819,CA,5,2,2484,Residential,20080520,699000,38.563244,-121.446876,0,1
3935 EL MONTE DR,LOOMIS,95650,CA,4,4,1624,Residential,20080520,839000,38.813337,-121.133348,0,1
5840 WALERGA RD,SACRAMENTO,95842,CA,2,1,840,Condo,20080519,40000,38.673678,-121.357471,0,0
923 FULTON AVE,SACRAMENTO,95825,CA,1,1,484,Condo,20080519,48000,38.582279,-121.401482,0,0
261 REDONDO AVE,SACRAMENTO,95815,CA,3,1,970,Residential,20080519,61500,38.620685,-121.460539,0,0
4030 BROADWAY,SACRAMENTO,95817,CA,2,1,623,Residential,20080519,62050,38.546798,-121.460038,0,0
3660 22ND AVE,SACRAMENTO,95820,CA,2,1,932,Residential,20080519,65000,38.532718,-121.46747,0,0
3924 HIGH ST,SACRAMENTO,95838,CA,2,1,796,Residential,20080519,65000,38.638797,-121.435049,0,0
4734 14TH AVE,SACRAMENTO,95820,CA,2,1,834,Residential,20080519,68000,38.539447,-121.450858,0,0
4734 14TH AVE,SACRAMENTO,95820,CA,2,1,834,Residential,20080519,68000,38.539447,-121.450858,0,0
5050 RHODE ISLAND DR Unit 4,SACRAMENTO,95841,CA,2,1,924,Condo,20080519,77000,38.658739,-121.333561,0,0
4513 GREENHOLME DR,SACRAMENTO,95842,CA,2,1,795,Condo,20080519,82732,38.669104,-121.359008,0,0
3845 ELM ST,SACRAMENTO,95838,CA,3,1,1250,Residential,20080519,84000,38.637337,-121.432835,0,0
3908 17TH AVE,SACRAMENTO,95820,CA,2,1,984,Residential,20080519,84675,38.53728,-121.463531,0,0
7109 CHANDLER DR,SACRAMENTO,95828,CA,3,1,1013,Residential,20080519,85000,38.497237,-121.424187,0,0
7541 SKELTON WAY,SACRAMENTO,95822,CA,3,1,1012,Residential,20080519,90000,38.484274,-121.488851,0,0
9058 MONTOYA ST,SACRAMENTO,95826,CA,2,1,795,Condo,20080519,90000,38.559144,-121.368387,0,0
1016 CONGRESS AVE,SACRAMENTO,95838,CA,2,2,918,Residential,20080519,91000,38.630151,-121.442789,0,0
540 MORRISON AVE,SACRAMENTO,95838,CA,3,1,1082,Residential,20080519,95000,38.637704,-121.453946,0,0
5303 JERRETT WAY,SACRAMENTO,95842,CA,2,1,964,Residential,20080519,97500,38.663282,-121.359631,0,0
2820 DEL PASO BLVD,SACRAMENTO,95815,CA,4,2,1404,Multi-Family,20080519,100000,38.617718,-121.440089,0,0
3715 TALLYHO DR Unit 78HIGH,SACRAMENTO,95826,CA,1,1,625,Condo,20080519,100000,38.544627,-121.35796,0,0
6013 ROWAN WAY,CITRUS HEIGHTS,95621,CA,2,1,888,Residential,20080519,101000,38.675893,-121.2963,0,0
2987 PONDEROSA LN,SACRAMENTO,95815,CA,4,2,1120,Residential,20080519,102750,38.622243,-121.457863,0,0
3732 LANKERSHIM WAY,NORTH HIGHLANDS,95660,CA,3,1,1331,Residential,20080519,112500,38.68972,-121.378399,0,0
2216 DUNLAP DR,SACRAMENTO,95821,CA,3,1,1014,Residential,20080519,113000,38.623738,-121.41305,0,0
3503 21ST AVE,SACRAMENTO,95820,CA,4,2,1448,Residential,20080519,114000,38.53361,-121.469308,0,0
523 EXCHANGE ST,SACRAMENTO,95838,CA,3,1,966,Residential,20080519,114000,38.659414,-121.45408,0,0
8101 PORT ROYALE WAY,SACRAMENTO,95823,CA,2,1,779,Residential,20080519,114750,38.463929,-121.438667,0,0
8020 WALERGA RD,ANTELOPE,95843,CA,2,2,836,Condo,20080519,115000,38.71607,-121.364468,0,0
167 VALLEY OAK DR,ROSEVILLE,95678,CA,2,2,1100,Condo,20080519,115000,38.732429,-121.288069,0,0
7876 BURLINGTON WAY,SACRAMENTO,95832,CA,3,1,1174,Residential,20080519,116100,38.470093,-121.468347,0,0
3726 JONKO AVE,NORTH HIGHLANDS,95660,CA,3,2,1207,Residential,20080519,119250,38.656131,-121.377265,0,0
7342 GIGI PL,SACRAMENTO,95828,CA,4,4,1995,Multi-Family,20080519,120000,38.490704,-121.410176,0,0
2610 PHYLLIS AVE,SACRAMENTO,95820,CA,2,1,804,Residential,20080519,120000,38.53105,-121.479574,0,0
4200 COMMERCE WAY Unit 711,SACRAMENTO,95834,CA,2,2,958,Condo,20080519,120000,38.647523,-121.523217,0,0
4621 COUNTRY SCENE WAY,SACRAMENTO,95823,CA,3,2,1366,Residential,20080519,120108,38.470187,-121.448149,0,0
5380 VILLAGE WOOD DR,SACRAMENTO,95823,CA,2,2,901,Residential,20080519,121500,38.454949,-121.440578,0,0
2621 EVERGREEN ST,SACRAMENTO,95815,CA,3,1,696,Residential,20080519,121725,38.613103,-121.444085,0,0
201 CARLO CT,GALT,95632,CA,3,2,1080,Residential,20080519,122000,38.24227,-121.31032,0,0
6743 21ST ST,SACRAMENTO,95822,CA,3,2,1104,Residential,20080519,123000,38.50372,-121.490657,0,0
3128 VIA GRANDE,SACRAMENTO,95825,CA,2,1,972,Residential,20080519,125000,38.598321,-121.39161,0,0
2847 BELGRADE WAY,SACRAMENTO,95833,CA,4,2,1390,Residential,20080519,125573,38.617173,-121.482541,0,0
7741 MILLDALE CIR,ELVERTA,95626,CA,4,2,1354,Residential,20080519,126714,38.705834,-121.43919,0,0
9013 CASALS ST,SACRAMENTO,95826,CA,2,1,795,Condo,20080519,126960,38.557045,-121.37167,0,0
227 MAHAN CT Unit 1,ROSEVILLE,95678,CA,2,1,780,Condo,20080519,127000,38.749723,-121.27008,0,0
7349 FLETCHER FARM DR,SACRAMENTO,95828,CA,4,2,1587,Residential,20080519,127500,38.49069,-121.382619,0,0
7226 LARCHMONT DR,NORTH HIGHLANDS,95660,CA,3,2,1209,Residential,20080519,130000,38.699269,-121.376334,0,0
4114 35TH AVE,SACRAMENTO,95824,CA,2,1,1139,Residential,20080519,133105,38.520941,-121.459355,0,0
617 M ST,RIO LINDA,95673,CA,2,2,1690,Residential,20080519,136500,38.691104,-121.451832,0,0
7032 FAIR OAKS BLVD,CARMICHAEL,95608,CA,3,2,1245,Condo,20080519,139500,38.628563,-121.328297,0,0
2421 SANTINA WAY,ELVERTA,95626,CA,3,2,1416,Residential,20080519,140000,38.71865,-121.407763,0,0
2368 CRAIG AVE,SACRAMENTO,95832,CA,3,2,1300,Residential,20080519,140800,38.47807,-121.48114,0,0
2123 AMANDA WAY,SACRAMENTO,95822,CA,3,2,1120,Residential,20080519,145000,38.484896,-121.486948,0,0
7620 DARLA WAY,SACRAMENTO,95828,CA,4,2,1590,Residential,20080519,147000,38.478502,-121.403517,0,0
8344 FIELDPOPPY CIR,SACRAMENTO,95828,CA,3,2,1407,Residential,20080519,149600,38.479083,-121.400702,0,0
3624 20TH AVE,SACRAMENTO,95820,CA,5,2,1516,Residential,20080519,150000,38.534508,-121.467907,0,0
10001 WOODCREEK OAKS BLVD Unit 1415,ROSEVILLE,95747,CA,2,2,0,Condo,20080519,150000,38.795529,-121.328819,1,0
2848 PROVO WAY,SACRAMENTO,95822,CA,3,2,1646,Residential,20080519,150000,38.489759,-121.474754,0,0
6045 EHRHARDT AVE,SACRAMENTO,95823,CA,3,2,1676,Residential,20080519,155000,38.457157,-121.433065,0,0
1223 LAMBERTON CIR,SACRAMENTO,95838,CA,3,2,1370,Residential,20080519,155435,38.646677,-121.437573,0,0
1223 LAMBERTON CIR,SACRAMENTO,95838,CA,3,2,1370,Residential,20080519,155500,38.646677,-121.437573,0,0
6000 BIRCHGLADE WAY,CITRUS HEIGHTS,95621,CA,4,2,1351,Residential,20080519,158000,38.70166,-121.323249,0,0
7204 THOMAS DR,NORTH HIGHLANDS,95660,CA,3,2,1152,Residential,20080519,158000,38.697898,-121.377687,0,0
8363 LANGTREE WAY,SACRAMENTO,95823,CA,3,2,1452,Residential,20080519,160000,38.45356,-121.435959,0,0
1675 VERNON ST Unit 8,ROSEVILLE,95678,CA,2,1,990,Residential,20080519,160000,38.734136,-121.299639,0,0
6632 IBEX WOODS CT,CITRUS HEIGHTS,95621,CA,2,2,1162,Residential,20080519,164000,38.720868,-121.309855,0,0
117 EVCAR WAY,RIO LINDA,95673,CA,3,2,1182,Residential,20080519,164000,38.687659,-121.4633,0,0
6485 LAGUNA MIRAGE LN,ELK GROVE,95758,CA,2,2,1112,Residential,20080519,165000,38.42465,-121.430137,0,0
746 MOOSE CREEK WAY,GALT,95632,CA,3,2,1100,Residential,20080519,167000,38.283085,-121.302071,0,0
8306 CURLEW CT,CITRUS HEIGHTS,95621,CA,4,2,1280,Residential,20080519,167293,38.715781,-121.298519,0,0
8306 CURLEW CT,CITRUS HEIGHTS,95621,CA,4,2,1280,Residential,20080519,167293,38.715781,-121.298519,0,0
5217 ARGO WAY,SACRAMENTO,95820,CA,3,1,1039,Residential,20080519,168000,38.52774,-121.433669,0,0
7108 HEATHER TREE DR,SACRAMENTO,95842,CA,3,2,1159,Residential,20080519,170000,38.695677,-121.36022,0,0
2956 DAVENPORT WAY,SACRAMENTO,95833,CA,4,2,1917,Residential,20080519,170000,38.620687,-121.482619,0,0
10062 LINCOLN VILLAGE DR,SACRAMENTO,95827,CA,3,2,1520,Residential,20080519,170000,38.564,-121.320023,0,0
332 PALIN AVE,GALT,95632,CA,3,2,1204,Residential,20080519,174000,38.260467,-121.302636,0,0
4649 FREEWAY CIR,SACRAMENTO,95841,CA,3,2,1120,Residential,20080519,178000,38.658734,-121.357196,0,0
8593 DERLIN WAY,SACRAMENTO,95823,CA,3,2,1436,Residential,20080519,180000,38.447585,-121.426627,0,0
9273 PREMIER WAY,SACRAMENTO,95826,CA,3,2,1451,Residential,20080519,180000,38.55992,-121.352539,0,0
8032 DUSENBERG CT,SACRAMENTO,95828,CA,4,2,1638,Residential,20080519,180000,38.466499,-121.381119,0,0
7110 STELLA LN Unit 15,CARMICHAEL,95608,CA,2,2,1000,Condo,20080519,182000,38.637396,-121.300055,0,0
1786 PIEDMONT WAY,ROSEVILLE,95661,CA,3,1,1152,Residential,20080519,188325,38.72748,-121.256537,0,0
1347 HIDALGO CIR,ROSEVILLE,95747,CA,3,2,1154,Residential,20080519,191500,38.747878,-121.311279,0,0
212 CAPPUCINO WAY,SACRAMENTO,95838,CA,3,2,1353,Residential,20080519,192000,38.657811,-121.465327,0,0
5938 WOODBRIAR WAY,CITRUS HEIGHTS,95621,CA,3,2,1329,Residential,20080519,192700,38.706152,-121.325399,0,0
3801 WILDROSE WAY,SACRAMENTO,95826,CA,3,1,1356,Residential,20080519,195000,38.544368,-121.369979,0,0
508 SAMUEL WAY,SACRAMENTO,95838,CA,3,2,1505,Residential,20080519,197654,38.645689,-121.452766,0,0
6128 CARL SANDBURG CIR,SACRAMENTO,95842,CA,3,1,1009,Residential,20080519,198000,38.681541,-121.355616,0,0
1 KENNELFORD CIR,SACRAMENTO,95823,CA,3,2,1144,Residential,20080519,200345,38.46452,-121.427606,0,0
909 SINGINGWOOD RD,SACRAMENTO,95864,CA,2,1,930,Residential,20080519,203000,38.581471,-121.38839,0,0
6671 FOXWOOD CT,SACRAMENTO,95841,CA,4,2,1766,Residential,20080519,207000,38.687943,-121.328883,0,0
8165 AYN RAND CT,SACRAMENTO,95828,CA,4,3,1940,Residential,20080519,208000,38.468639,-121.403265,0,0
9474 VILLAGE TREE DR,ELK GROVE,95758,CA,4,2,1776,Residential,20080519,210000,38.413947,-121.408276,0,0
7213 CALVIN DR,CITRUS HEIGHTS,95621,CA,3,1,1258,Residential,20080519,212000,38.698154,-121.298375,0,0
8167 DERBY PARK CT,SACRAMENTO,95828,CA,4,2,1872,Residential,20080519,213675,38.460492,-121.373379,0,0
6344 LAGUNA MIRAGE LN,ELK GROVE,95758,CA,2,2,1112,Residential,20080519,213697,38.423963,-121.428875,0,0
2945 RED HAWK WAY,SACRAMENTO,95833,CA,4,2,1856,Residential,20080519,215000,38.619675,-121.496903,0,0
3228 I ST,SACRAMENTO,95816,CA,4,3,1939,Residential,20080519,215000,38.573844,-121.462839,0,0
308 ATKINSON ST,ROSEVILLE,95678,CA,3,1,998,Residential,20080519,215100,38.746794,-121.29971,0,0
624 HOVEY WAY,ROSEVILLE,95678,CA,3,2,1758,Residential,20080519,217500,38.756149,-121.306479,0,0
110 COPPER LEAF WAY,SACRAMENTO,95838,CA,3,2,2142,Residential,20080519,218000,38.658466,-121.460661,0,0
7535 ALMA VISTA WAY,SACRAMENTO,95831,CA,2,1,950,Residential,20080519,220000,38.48403,-121.507641,0,0
7423 WILSALL CT,ELK GROVE,95758,CA,4,3,1739,Residential,20080519,221000,38.417026,-121.416821,0,0
8629 VIA ALTA WAY,ELK GROVE,95624,CA,3,2,1516,Residential,20080519,222900,38.398245,-121.380615,0,0
3318 DAVIDSON DR,ANTELOPE,95843,CA,3,1,988,Residential,20080519,223139,38.705753,-121.388917,0,0
913 COBDEN CT,GALT,95632,CA,4,2,1555,Residential,20080519,225500,38.282001,-121.295902,0,0
4419 79TH ST,SACRAMENTO,95820,CA,3,2,1212,Residential,20080519,228327,38.534827,-121.412545,0,0
3012 SPOONWOOD WAY,SACRAMENTO,95833,CA,4,2,1871,Residential,20080519,230000,38.62478,-121.523474,0,0
8728 CRYSTAL RIVER WAY,SACRAMENTO,95828,CA,3,2,1302,Residential,20080519,230000,38.47547,-121.380055,0,0
4709 AMBER LN Unit 1,SACRAMENTO,95841,CA,2,1,756,Condo,20080519,230522,38.657789,-121.354994,0,0
4508 OLD DAIRY DR,ANTELOPE,95843,CA,4,3,2026,Residential,20080519,231200,38.72286,-121.358939,0,0
312 RIVER ISLE WAY,SACRAMENTO,95831,CA,3,2,1375,Residential,20080519,232000,38.49026,-121.550527,0,0
301 OLIVADI WAY,SACRAMENTO,95834,CA,2,2,1250,Condo,20080519,232500,38.644406,-121.549049,0,0
5636 25TH ST,SACRAMENTO,95822,CA,3,1,1058,Residential,20080519,233641,38.523828,-121.481139,0,0
8721 SPRUCE RIDGE WAY,ANTELOPE,95843,CA,3,2,1187,Residential,20080519,234000,38.727657,-121.391028,0,0
7461 WINDBRIDGE DR,SACRAMENTO,95831,CA,2,2,1324,Residential,20080519,234500,38.48797,-121.530229,0,0
8101 LEMON COVE CT,SACRAMENTO,95828,CA,4,3,1936,Residential,20080519,235000,38.462981,-121.408288,0,0
10949 SCOTSMAN WAY,RANCHO CORDOVA,95670,CA,5,4,2382,Multi-Family,20080519,236000,38.603686,-121.277844,0,0
617 WILLOW CREEK DR,FOLSOM,95630,CA,3,2,1427,Residential,20080519,236073,38.679626,-121.142609,0,0
3301 PARK DR Unit 1914,SACRAMENTO,95835,CA,3,2,1678,Condo,20080519,238000,38.665296,-121.531993,0,0
709 CIMMARON CT,GALT,95632,CA,4,2,1798,Residential,20080519,238861,38.277177,-121.303747,0,0
3305 RIO ROCA CT,ANTELOPE,95843,CA,4,3,2652,Residential,20080519,239700,38.725079,-121.387698,0,0
9080 BEDROCK CT,SACRAMENTO,95829,CA,4,2,1816,Residential,20080519,240000,38.456939,-121.362965,0,0
100 TOURMALINE CIR,SACRAMENTO,95834,CA,5,3,3076,Residential,20080519,240000,38.63437,-121.510779,0,0
6411 RED BIRCH WAY,ELK GROVE,95758,CA,4,2,1844,Residential,20080519,241000,38.43461,-121.429316,0,0
4867 LAGUNA DR,SACRAMENTO,95823,CA,3,2,1306,Residential,20080519,245000,38.46179,-121.445371,0,0
3662 RIVER DR,SACRAMENTO,95833,CA,4,3,2447,Residential,20080519,246000,38.604969,-121.54255,0,0
6943 WOLFGRAM WAY,SACRAMENTO,95828,CA,4,2,1176,Residential,20080519,247234,38.489215,-121.419546,0,0
77 RINETTI WAY,RIO LINDA,95673,CA,4,2,1182,Residential,20080519,247480,38.687021,-121.463151,0,0
1316 I ST,RIO LINDA,95673,CA,3,1,1160,Residential,20080519,249862,38.683674,-121.435204,0,0
2130 CATHERWOOD WAY,SACRAMENTO,95835,CA,3,2,1424,Residential,20080519,251000,38.675506,-121.510987,0,0
8304 JUGLANS DR,ORANGEVALE,95662,CA,4,2,1574,Residential,20080519,252155,38.691829,-121.249033,0,0
5308 MARBURY WAY,ANTELOPE,95843,CA,3,2,1830,Residential,20080519,254172,38.710221,-121.341707,0,0
9182 LAKEMONT DR,ELK GROVE,95624,CA,4,2,1724,Residential,20080519,258000,38.451353,-121.358776,0,0
2231 COUNTRY VILLA CT,AUBURN,95603,CA,2,2,1255,Condo,20080519,260000,38.931671,-121.097862,0,0
8491 CRYSTAL WALK CIR,ELK GROVE,95758,CA,0,0,0,Residential,20080519,261000,38.416916,-121.407554,1,0
361 MAHONIA CIR,SACRAMENTO,95835,CA,4,3,2175,Residential,20080519,261000,38.676172,-121.509761,0,0
3427 LA CADENA WAY,SACRAMENTO,95835,CA,4,2,1904,Residential,20080519,261000,38.681194,-121.537351,0,0
955 BIG SUR CT,EL DORADO HILLS,95762,CA,4,2,1808,Residential,20080519,262500,38.664347,-121.076529,0,0
11826 DIONYSUS WAY,RANCHO CORDOVA,95742,CA,4,2,2711,Residential,20080519,266000,38.551046,-121.239411,0,0
5847 DEL CAMPO LN,CARMICHAEL,95608,CA,3,1,1713,Residential,20080519,266000,38.671995,-121.324339,0,0
5635 FOXVIEW WAY,ELK GROVE,95757,CA,3,2,1457,Residential,20080519,270000,38.395256,-121.438249,0,0
10372 VIA CINTA CT,ELK GROVE,95757,CA,4,3,2724,Residential,20080519,274425,38.380089,-121.428186,0,0
6286 LONETREE BLVD,ROCKLIN,95765,CA,0,0,0,Residential,20080519,274500,38.805036,-121.293608,1,0
7744 SOUTHBREEZE DR,SACRAMENTO,95828,CA,3,2,1468,Residential,20080519,275336,38.476932,-121.378349,0,0
2242 ABLE WAY,SACRAMENTO,95835,CA,4,3,2550,Residential,20080519,277980,38.666074,-121.509743,0,0
1042 STARBROOK DR,GALT,95632,CA,4,2,1928,Residential,20080519,280000,38.285611,-121.293063,0,0
1219 G ST,SACRAMENTO,95814,CA,3,3,1922,Residential,20080519,284686,38.582818,-121.489096,0,0
6220 OPUS CT,CITRUS HEIGHTS,95621,CA,3,2,1343,Residential,20080519,284893,38.715853,-121.317095,0,0
5419 HAVENHURST CIR,ROCKLIN,95677,CA,3,2,1510,Residential,20080519,285000,38.786746,-121.209957,0,0
220 OLD AIRPORT RD,AUBURN,95603,CA,2,2,960,Multi-Family,20080519,285000,38.939802,-121.054575,0,0
4622 MEYER WAY,CARMICHAEL,95608,CA,4,2,1559,Residential,20080519,285000,38.64913,-121.310667,0,0
4885 SUMMIT VIEW DR,EL DORADO,95623,CA,3,2,1624,Residential,20080519,289000,38.673285,-120.879176,0,0
26 JEANROSS CT,SACRAMENTO,95832,CA,5,3,2992,Residential,20080519,295000,38.473162,-121.491085,0,0
4800 MAPLEPLAIN AVE,ELK GROVE,95758,CA,4,2,2109,Residential,20080519,296000,38.432848,-121.449237,0,0
10629 BASIE WAY,RANCHO CORDOVA,95670,CA,4,2,1524,Residential,20080519,296056,38.579,-121.292627,0,0
8612 WILLOW GROVE WAY,SACRAMENTO,95828,CA,3,2,1248,Residential,20080519,297359,38.464994,-121.386962,0,0
62 DE FER CIR,SACRAMENTO,95823,CA,4,2,1876,Residential,20080519,299940,38.49254,-121.463316,0,0
2513 OLD KENMARE RD,LINCOLN,95648,CA,5,3,0,Residential,20080519,304000,38.847396,-121.259586,1,0
3253 ABOTO WAY,RANCHO CORDOVA,95670,CA,4,3,1851,Residential,20080519,305000,38.57727,-121.285591,0,0
3072 VILLAGE PLAZA DR,ROSEVILLE,95747,CA,0,0,0,Residential,20080519,307000,38.773094,-121.365905,1,0
251 CHANGO CIR,SACRAMENTO,95835,CA,4,2,2218,Residential,20080519,311328,38.68237,-121.539147,0,0
8205 WEYBURN CT,SACRAMENTO,95828,CA,3,2,1394,Residential,20080519,313138,38.47316,-121.403893,0,0
8788 LA MARGARITA WAY,SACRAMENTO,95828,CA,3,2,1410,Residential,20080519,316630,38.468185,-121.375694,0,0
5912 DEEPDALE WAY,ELK GROVE,95758,CA,5,3,3468,Residential,20080519,320000,38.439565,-121.436606,0,0
4712 PISMO BEACH DR,ANTELOPE,95843,CA,5,3,2346,Residential,20080519,320000,38.707705,-121.354153,0,0
4741 PACIFIC PARK DR,ANTELOPE,95843,CA,5,3,2347,Residential,20080519,325000,38.709299,-121.353056,0,0
310 GROTH CIR,SACRAMENTO,95834,CA,4,2,1659,Residential,20080519,328578,38.638764,-121.531827,0,0
6121 WILD FOX CT,ELK GROVE,95757,CA,3,3,2442,Residential,20080519,331000,38.406758,-121.431669,0,0
12241 CANYONLANDS DR,RANCHO CORDOVA,95742,CA,0,0,0,Residential,20080519,331500,38.557293,-121.217611,1,0
29 COOL FOUNTAIN CT,SACRAMENTO,95833,CA,4,2,2155,Residential,20080519,340000,38.606906,-121.54132,0,0
907 RIO ROBLES AVE,SACRAMENTO,95838,CA,0,0,0,Residential,20080519,344755,38.664765,-121.445006,1,0
8909 BILLFISH WAY,SACRAMENTO,95828,CA,3,2,1810,Residential,20080519,345746,38.475433,-121.372584,0,0
6232 GUS WAY,ELK GROVE,95757,CA,4,2,2789,Residential,20080519,351000,38.388129,-121.43117,0,0
200 OAKWILDE ST,GALT,95632,CA,4,2,1606,Residential,20080519,353767,38.2535,-121.31812,0,0
1033 PARK STREAM DR,GALT,95632,CA,0,0,0,Residential,20080519,355000,38.287785,-121.289903,1,0
200 ALLAIRE CIR,SACRAMENTO,95835,CA,4,2,2166,Residential,20080519,356035,38.68318,-121.53484,0,0
1322 SUTTER WALK,SACRAMENTO,95816,CA,0,0,0,Condo,20080519,360000,38.53805,-121.5047,1,0
5479 NICKMAN WAY,SACRAMENTO,95835,CA,4,2,1871,Residential,20080519,360552,38.672966,-121.502748,0,0
2103 BURBERRY WAY,SACRAMENTO,95835,CA,3,2,1800,Residential,20080519,362305,38.67342,-121.508542,0,0
2450 SAN JOSE WAY,SACRAMENTO,95817,CA,3,1,1683,Residential,20080519,365000,38.553596,-121.459483,0,0
7641 ROSEHALL DR,ROSEVILLE,95678,CA,3,2,0,Residential,20080519,367554,38.791617,-121.286147,1,0
1336 LAYSAN TEAL DR,ROSEVILLE,95747,CA,0,0,0,Residential,20080519,368500,38.796121,-121.319963,1,0
2802 BLACK OAK DR,ROCKLIN,95765,CA,2,2,1596,Residential,20080519,370000,38.837006,-121.232024,0,0
2113 FALL TRAIL CT,PLACERVILLE,95667,CA,4,2,0,Residential,20080519,371086,38.733155,-120.748039,1,0
10112 LAMBEAU CT,ELK GROVE,95757,CA,3,2,1179,Residential,20080519,378000,38.390328,-121.448022,0,0
6313 CASTRO VERDE WAY,ELK GROVE,95757,CA,0,0,0,Residential,20080519,383000,38.381102,-121.42901,1,0
3622 CURTIS DR,SACRAMENTO,95818,CA,3,1,1639,Residential,20080519,388000,38.541735,-121.480098,0,0
11817 OPAL RIDGE WAY,RANCHO CORDOVA,95742,CA,5,3,3281,Residential,20080519,395100,38.551083,-121.237476,0,0
170 LAGOMARSINO WAY,SACRAMENTO,95819,CA,3,2,1697,Residential,20080519,400000,38.574894,-121.435806,0,0
2743 DEAKIN PL,EL DORADO HILLS,95762,CA,3,2,0,Residential,20080519,400000,38.69288,-121.073551,1,0
3361 ALDER CANYON WAY,ANTELOPE,95843,CA,4,3,2085,Residential,20080519,408431,38.727649,-121.385656,0,0
2148 RANCH VIEW DR,ROCKLIN,95765,CA,0,0,0,Residential,20080519,413000,38.837455,-121.289337,1,0
398 LINDLEY DR,SACRAMENTO,95815,CA,4,2,1744,Multi-Family,20080519,416767,38.622359,-121.457582,0,0
3013 BRIDLEWOOD DR,EL DORADO HILLS,95762,CA,4,3,0,Residential,20080519,420000,38.675519,-121.015862,1,0
169 BAURER CIR,FOLSOM,95630,CA,4,3,1939,Residential,20080519,423000,38.66695,-121.120729,0,0
2809 LOON CT,CAMERON PARK,95682,CA,4,2,0,Residential,20080519,423000,38.687072,-121.004729,1,0
1315 KONDOS AVE,SACRAMENTO,95814,CA,2,3,1788,Residential,20080519,427500,38.571943,-121.492106,0,0
4966 CHARTER RD,ROCKLIN,95765,CA,3,2,1691,Residential,20080519,430922,38.82553,-121.254698,0,0
9516 LAGUNA LAKE WAY,ELK GROVE,95758,CA,4,2,2002,Residential,20080519,445000,38.411258,-121.431348,0,0
5201 BLOSSOM RANCH DR,ELK GROVE,95757,CA,4,4,4303,Residential,20080519,450000,38.399436,-121.444041,0,0
3027 PALMATE WAY,SACRAMENTO,95834,CA,5,3,4246,Residential,20080519,452000,38.628955,-121.529269,0,0
500 WINCHESTER CT,ROSEVILLE,95661,CA,3,2,2274,Residential,20080519,470000,38.73988,-121.248929,0,0
5746 GELSTON WAY,EL DORADO HILLS,95762,CA,4,3,0,Residential,20080519,471000,38.677015,-121.034083,1,0
6935 ELM TREE LN,ORANGEVALE,95662,CA,4,4,3056,Residential,20080519,475000,38.693041,-121.23294,0,0
9605 GOLF COURSE LN,ELK GROVE,95758,CA,3,3,2503,Residential,20080519,484500,38.409689,-121.446059,0,0
719 BAYWOOD CT,EL DORADO HILLS,95762,CA,5,3,0,Residential,20080519,487500,38.647598,-121.077801,1,0
5954 TANUS CIR,ROCKLIN,95677,CA,3,3,0,Residential,20080519,488750,38.777585,-121.2036,1,0
100 CHELSEA CT,FOLSOM,95630,CA,3,2,1905,Residential,20080519,500000,38.69435,-121.177259,0,0
1500 ORANGE HILL LN,PENRYN,95663,CA,3,2,1320,Residential,20080519,506688,38.862708,-121.162092,0,0
408 KIRKWOOD CT,LINCOLN,95648,CA,2,2,0,Residential,20080519,512000,38.861615,-121.26869,1,0
1732 TUSCAN GROVE CIR,ROSEVILLE,95747,CA,5,3,0,Residential,20080519,520000,38.796683,-121.342555,1,0
2049 EMPIRE MINE CIR,GOLD RIVER,95670,CA,4,2,3037,Residential,20080519,528000,38.629299,-121.249021,0,0
9360 MAGOS RD,WILTON,95693,CA,5,2,3741,Residential,20080519,579093,38.416809,-121.240628,0,1
104 CATLIN CT,FOLSOM,95630,CA,4,3,2660,Residential,20080519,636000,38.684459,-121.145935,0,1
4734 GIBBONS DR,CARMICHAEL,95608,CA,4,3,3357,Residential,20080519,668365,38.63558,-121.353639,0,1
4629 DORCHESTER LN,GRANITE BAY,95746,CA,5,3,2896,Residential,20080519,676200,38.723545,-121.216025,0,1
2400 COUNTRYSIDE DR,PLACERVILLE,95667,CA,3,2,2025,Residential,20080519,677048,38.737452,-120.910963,0,1
12901 FURLONG DR,WILTON,95693,CA,5,3,3788,Residential,20080519,691659,38.413535,-121.188211,0,1
6222 CALLE MONTALVO CIR,GRANITE BAY,95746,CA,5,3,3670,Residential,20080519,760000,38.779435,-121.146676,0,1
20 CRYSTALWOOD CIR,LINCOLN,95648,CA,0,0,0,Residential,20080519,4897,38.885327,-121.289412,1,0
24 CRYSTALWOOD CIR,LINCOLN,95648,CA,0,0,0,Residential,20080519,4897,38.885132,-121.289405,1,0
28 CRYSTALWOOD CIR,LINCOLN,95648,CA,0,0,0,Residential,20080519,4897,38.884936,-121.289397,1,0
32 CRYSTALWOOD CIR,LINCOLN,95648,CA,0,0,0,Residential,20080519,4897,38.884741,-121.28939,1,0
36 CRYSTALWOOD CIR,LINCOLN,95648,CA,0,0,0,Residential,20080519,4897,38.884599,-121.289406,1,0
40 CRYSTALWOOD CIR,LINCOLN,95648,CA,0,0,0,Residential,20080519,4897,38.884535,-121.289619,1,0
44 CRYSTALWOOD CIR,LINCOLN,95648,CA,0,0,0,Residential,20080519,4897,38.88459,-121.289835,1,0
48 CRYSTALWOOD CIR,LINCOLN,95648,CA,0,0,0,Residential,20080519,4897,38.884667,-121.289896,1,0
52 CRYSTALWOOD CIR,LINCOLN,95648,CA,0,0,0,Residential,20080519,4897,38.88478,-121.289911,1,0
68 CRYSTALWOOD CIR,LINCOLN,95648,CA,0,0,0,Residential,20080519,4897,38.885236,-121.289928,1,0
72 CRYSTALWOOD CIR,LINCOLN,95648,CA,0,0,0,Residential,20080519,4897,38.88535,-121.289926,1,0
76 CRYSTALWOOD CIR,LINCOLN,95648,CA,0,0,0,Residential,20080519,4897,38.885464,-121.289922,1,0
80 CRYSTALWOOD CIR,LINCOLN,95648,CA,0,0,0,Residential,20080519,4897,38.885578,-121.289919,1,0
84 CRYSTALWOOD CIR,LINCOLN,95648,CA,0,0,0,Residential,20080519,4897,38.885692,-121.289915,1,0
88 CRYSTALWOOD CIR,LINCOLN,95648,CA,0,0,0,Residential,20080519,4897,38.885806,-121.289911,1,0
92 CRYSTALWOOD CIR,LINCOLN,95648,CA,0,0,0,Residential,20080519,4897,38.88592,-121.289908,1,0
96 CRYSTALWOOD CIR,LINCOLN,95648,CA,0,0,0,Residential,20080519,4897,38.886024,-121.289859,1,0
100 CRYSTALWOOD CIR,LINCOLN,95648,CA,0,0,0,Residential,20080519,4897,38.886091,-121.289744,1,0
434 1ST ST,LINCOLN,95648,CA,0,0,0,Residential,20080519,4897,38.88653,-121.289406,1,0
3 E ST,LINCOLN,95648,CA,0,0,0,Residential,20080519,4897,38.884692,-121.290288,1,0
11 E ST,LINCOLN,95648,CA,0,0,0,Residential,20080519,4897,38.884879,-121.290257,1,0
19 E ST,LINCOLN,95648,CA,0,0,0,Residential,20080519,4897,38.885017,-121.290262,1,0
27 E ST,LINCOLN,95648,CA,0,0,0,Residential,20080519,4897,38.885173,-121.29027,1,0
35 E ST,LINCOLN,95648,CA,0,0,0,Residential,20080519,4897,38.885328,-121.290275,1,0
43 E ST,LINCOLN,95648,CA,0,0,0,Residential,20080519,4897,38.885483,-121.290277,1,0
51 E ST,LINCOLN,95648,CA,4,2,0,Residential,20080519,4897,38.885638,-121.290279,1,0
59 E ST,LINCOLN,95648,CA,3,2,0,Residential,20080519,4897,38.885794,-121.290281,1,0
75 E ST,LINCOLN,95648,CA,3,2,0,Residential,20080519,4897,38.886104,-121.290285,1,0
63 CRYSTALWOOD CIR,LINCOLN,95648,CA,0,0,0,Residential,20080519,4897,38.885093,-121.289932,1,0
398 1ST ST,LINCOLN,95648,CA,0,0,0,Residential,20080519,4897,38.88653,-121.288952,1,0
386 1ST ST,LINCOLN,95648,CA,0,0,0,Residential,20080519,4897,38.886528,-121.288869,1,0
374 1ST ST,LINCOLN,95648,CA,0,0,0,Residential,20080519,4897,38.886525,-121.288787,1,0
116 CRYSTALWOOD WAY,LINCOLN,95648,CA,0,0,0,Residential,20080519,4897,38.886282,-121.289586,1,0
108 CRYSTALWOOD WAY,LINCOLN,95648,CA,0,0,0,Residential,20080519,4897,38.886282,-121.289646,1,0
100 CRYSTALWOOD WAY,LINCOLN,95648,CA,0,0,0,Residential,20080519,4897,38.886282,-121.289706,1,0
55 CRYSTALWOOD CIR,LINCOLN,95648,CA,0,0,0,Residential,20080519,4897,38.884865,-121.289922,1,0
51 CRYSTALWOOD CIR,LINCOLN,95648,CA,0,0,0,Residential,20080519,4897,38.884752,-121.289907,1,0
47 CRYSTALWOOD CIR,LINCOLN,95648,CA,0,0,0,Residential,20080519,4897,38.884638,-121.289893,1,0
43 CRYSTALWOOD CIR,LINCOLN,95648,CA,0,0,0,Residential,20080519,4897,38.884568,-121.289784,1,0
39 CRYSTALWOOD CIR,LINCOLN,95648,CA,0,0,0,Residential,20080519,4897,38.884546,-121.289562,1,0
35 CRYSTALWOOD CIR,LINCOLN,95648,CA,0,0,0,Residential,20080519,4897,38.884645,-121.289397,1,0
31 CRYSTALWOOD CIR,LINCOLN,95648,CA,0,0,0,Residential,20080519,4897,38.88479,-121.289392,1,0
27 CRYSTALWOOD CIR,LINCOLN,95648,CA,0,0,0,Residential,20080519,4897,38.884985,-121.289399,1,0
23 CRYSTALWOOD CIR,LINCOLN,95648,CA,0,0,0,Residential,20080519,4897,38.885181,-121.289406,1,0
19 CRYSTALWOOD CIR,LINCOLN,95648,CA,0,0,0,Residential,20080519,4897,38.885376,-121.289414,1,0
15 CRYSTALWOOD CIR,LINCOLN,95648,CA,0,0,0,Residential,20080519,4897,38.885571,-121.289421,1,0
7 CRYSTALWOOD CIR,LINCOLN,95648,CA,0,0,0,Residential,20080519,4897,38.885962,-121.289436,1,0
7 CRYSTALWOOD CIR,LINCOLN,95648,CA,0,0,0,Residential,20080519,4897,38.885962,-121.289436,1,0
3 CRYSTALWOOD CIR,LINCOLN,95648,CA,0,0,0,Residential,20080519,4897,38.886093,-121.289584,1,0
8208 WOODYARD WAY,CITRUS HEIGHTS,95621,CA,3,2,1166,Residential,20080516,30000,38.715322,-121.314787,0,0
113 RINETTI WAY,RIO LINDA,95673,CA,0,0,0,Residential,20080516,30000,38.687172,-121.463933,1,0
15 LOORZ CT,SACRAMENTO,95823,CA,2,1,838,Residential,20080516,55422,38.471646,-121.435158,0,0
5805 DOTMAR WAY,NORTH HIGHLANDS,95660,CA,2,1,904,Residential,20080516,63000,38.672642,-121.380343,0,0
2332 CAMBRIDGE ST,SACRAMENTO,95815,CA,2,1,1032,Residential,20080516,65000,38.608085,-121.449651,0,0
3812 BELDEN ST,SACRAMENTO,95838,CA,2,1,904,Residential,20080516,65000,38.636833,-121.44164,0,0
3348 40TH ST,SACRAMENTO,95817,CA,2,1,1080,Residential,20080516,65000,38.544162,-121.460652,0,0
127 QUASAR CIR,SACRAMENTO,95822,CA,2,2,990,Residential,20080516,66500,38.493504,-121.475304,0,0
3812 CYPRESS ST,SACRAMENTO,95838,CA,2,1,900,Residential,20080516,71000,38.636877,-121.444948,0,0
5821 64TH ST,SACRAMENTO,95824,CA,2,1,861,Residential,20080516,75000,38.521202,-121.428146,0,0
8248 CENTER PKWY,SACRAMENTO,95823,CA,2,1,906,Condo,20080516,77000,38.459002,-121.428794,0,0
1171 SONOMA AVE,SACRAMENTO,95815,CA,2,1,1011,Residential,20080516,85000,38.6238,-121.439872,0,0
4250 ARDWELL WAY,SACRAMENTO,95823,CA,3,2,1089,Residential,20080516,95625,38.466938,-121.455631,0,0
3104 CLAY ST,SACRAMENTO,95815,CA,2,1,832,Residential,20080516,96140,38.62391,-121.439208,0,0
6063 LAND PARK DR,SACRAMENTO,95822,CA,2,1,800,Condo,20080516,104250,38.517029,-121.513809,0,0
4738 OAKHOLLOW DR,SACRAMENTO,95842,CA,4,2,1292,Residential,20080516,105000,38.679598,-121.356035,0,0
1401 STERLING ST,SACRAMENTO,95822,CA,2,1,810,Residential,20080516,108000,38.520319,-121.504727,0,0
3715 DIDCOT CIR,SACRAMENTO,95838,CA,4,2,1064,Residential,20080516,109000,38.635232,-121.460098,0,0
2426 RASHAWN DR,RANCHO CORDOVA,95670,CA,2,1,911,Residential,20080516,115000,38.610852,-121.273278,0,0
4800 WESTLAKE PKWY Unit 410,SACRAMENTO,95835,CA,1,1,846,Condo,20080516,115000,38.658812,-121.542345,0,0
3409 VIRGO ST,SACRAMENTO,95827,CA,3,2,1320,Residential,20080516,115500,38.563402,-121.327747,0,0
1110 PINEDALE AVE,SACRAMENTO,95838,CA,3,2,1410,Residential,20080516,115620,38.660173,-121.440216,0,0
2361 LA LOMA DR,RANCHO CORDOVA,95670,CA,3,2,1115,Residential,20080516,116000,38.59368,-121.316054,0,0
1455 64TH AVE,SACRAMENTO,95822,CA,3,2,1169,Residential,20080516,122000,38.492177,-121.503392,0,0
7328 SPRINGMAN ST,SACRAMENTO,95822,CA,3,2,1164,Residential,20080516,122500,38.491991,-121.477636,0,0
119 SAINT MARIE CIR,SACRAMENTO,95823,CA,4,2,1341,Residential,20080516,123000,38.481454,-121.446644,0,0
12 COSTA BRASE CT,SACRAMENTO,95838,CA,3,2,1219,Residential,20080516,124000,38.655554,-121.464275,0,0
6813 SCOTER WAY,SACRAMENTO,95842,CA,4,2,1127,Residential,20080516,124000,38.69043,-121.361035,0,0
6548 GRAYLOCK LN,NORTH HIGHLANDS,95660,CA,3,2,1272,Residential,20080516,124413,38.686061,-121.369949,0,0
1630 GLIDDEN AVE,SACRAMENTO,95822,CA,4,2,1253,Residential,20080516,125000,38.482717,-121.499683,0,0
7825 DALEWOODS WAY,SACRAMENTO,95828,CA,3,2,1120,Residential,20080516,130000,38.477297,-121.411513,0,0
4073 TRESLER AVE,NORTH HIGHLANDS,95660,CA,2,2,1118,Residential,20080516,131750,38.659016,-121.370457,0,0
4288 DYMIC WAY,SACRAMENTO,95838,CA,4,3,1890,Residential,20080516,137721,38.646541,-121.441139,0,0
1158 SAN IGNACIO WAY,SACRAMENTO,95833,CA,3,2,1260,Residential,20080516,137760,38.623045,-121.486279,0,0
4904 J PKWY,SACRAMENTO,95823,CA,3,2,1400,Residential,20080516,138000,38.487297,-121.44295,0,0
2931 HOWE AVE,SACRAMENTO,95821,CA,3,1,1264,Residential,20080516,140000,38.619012,-121.415329,0,0
5531 JANSEN DR,SACRAMENTO,95824,CA,3,1,1060,Residential,20080516,145000,38.522015,-121.438713,0,0
7836 ORCHARD WOODS CIR,SACRAMENTO,95828,CA,2,2,1132,Residential,20080516,145000,38.47955,-121.410867,0,0
4055 DEERBROOK DR,SACRAMENTO,95823,CA,3,2,1466,Residential,20080516,150000,38.472117,-121.459589,0,0
9937 BURLINE ST,SACRAMENTO,95827,CA,3,2,1092,Residential,20080516,150000,38.559641,-121.32316,0,0
6948 MIRADOR WAY,SACRAMENTO,95828,CA,4,2,1628,Residential,20080516,151000,38.493484,-121.42035,0,0
4909 RUGER CT,SACRAMENTO,95842,CA,3,2,960,Residential,20080516,155000,38.68747,-121.349234,0,0
7204 KERSTEN ST,CITRUS HEIGHTS,95621,CA,3,2,1075,Residential,20080516,155800,38.695863,-121.300814,0,0
3150 ROSEMONT DR,SACRAMENTO,95826,CA,3,2,1428,Residential,20080516,156142,38.554927,-121.35521,0,0
8200 STEINBECK WAY,SACRAMENTO,95828,CA,4,2,1358,Residential,20080516,158000,38.474854,-121.404726,0,0
8198 STEVENSON AVE,SACRAMENTO,95828,CA,6,4,2475,Multi-Family,20080516,159900,38.465271,-121.40426,0,0
6824 OLIVE TREE WAY,CITRUS HEIGHTS,95610,CA,3,2,1410,Residential,20080516,160000,38.689239,-121.267737,0,0
3536 SUN MAIDEN WAY,ANTELOPE,95843,CA,3,2,1711,Residential,20080516,161500,38.70968,-121.382328,0,0
4517 OLYMPIAD WAY,SACRAMENTO,95826,CA,4,2,1483,Residential,20080516,161600,38.536751,-121.359154,0,0
925 COBDEN CT,GALT,95632,CA,3,2,1140,Residential,20080516,162000,38.282047,-121.295812,0,0
8225 SCOTTSDALE DR,SACRAMENTO,95828,CA,4,2,1549,Residential,20080516,165000,38.487864,-121.402476,0,0
8758 LEMAS RD,SACRAMENTO,95828,CA,3,2,1410,Residential,20080516,165000,38.467487,-121.377055,0,0
6121 ALPINESPRING WAY,ELK GROVE,95758,CA,3,2,1240,Residential,20080516,167293,38.434075,-121.432623,0,0
5937 YORK GLEN WAY,SACRAMENTO,95842,CA,5,2,1712,Residential,20080516,168000,38.677003,-121.354454,0,0
6417 SUNNYFIELD WAY,SACRAMENTO,95823,CA,4,2,1580,Residential,20080516,168000,38.449153,-121.428272,0,0
4008 GREY LIVERY WAY,ANTELOPE,95843,CA,3,2,1669,Residential,20080516,168750,38.71846,-121.370862,0,0
8920 ROSETTA CIR,SACRAMENTO,95826,CA,3,1,1029,Residential,20080516,168750,38.544374,-121.370874,0,0
8300 LICHEN DR,CITRUS HEIGHTS,95621,CA,3,1,1103,Residential,20080516,170000,38.71641,-121.306239,0,0
8884 AMBERJACK WAY,SACRAMENTO,95828,CA,3,2,2161,Residential,20080516,170250,38.479343,-121.372553,0,0
4480 VALLEY HI DR,SACRAMENTO,95823,CA,3,2,1650,Residential,20080516,173000,38.466781,-121.450955,0,0
2250 FOREBAY RD,POLLOCK PINES,95726,CA,3,1,1320,Residential,20080516,175000,38.77491,-120.597599,0,0
3529 FABERGE WAY,SACRAMENTO,95826,CA,3,2,1200,Residential,20080516,176095,38.553275,-121.346218,0,0
1792 DAWNELLE WAY,SACRAMENTO,95835,CA,3,2,1170,Residential,20080516,176250,38.68271,-121.501697,0,0
7800 TABARE CT,CITRUS HEIGHTS,95621,CA,3,2,1199,Residential,20080516,178000,38.70799,-121.302979,0,0
8531 HERMITAGE WAY,SACRAMENTO,95823,CA,4,2,1695,Residential,20080516,179000,38.448452,-121.428536,0,0
2421 BERRYWOOD DR,RANCHO CORDOVA,95670,CA,3,2,1157,Residential,20080516,180000,38.60868,-121.27849,0,0
1005 MORENO WAY,SACRAMENTO,95838,CA,3,2,1410,Residential,20080516,180000,38.646206,-121.442767,0,0
1675 VERNON ST Unit 24,ROSEVILLE,95678,CA,3,2,1174,Residential,20080516,180000,38.734136,-121.299639,0,0
24 WINDCHIME CT,SACRAMENTO,95823,CA,3,2,1593,Residential,20080516,181000,38.44617,-121.427824,0,0
540 HARLING CT,RIO LINDA,95673,CA,3,2,1093,Residential,20080516,182000,38.68279,-121.453509,0,0
1207 CRESCENDO DR,ROSEVILLE,95678,CA,3,2,1770,Residential,20080516,182587,38.72446,-121.292829,0,0
7577 EDDYLEE WAY,SACRAMENTO,95822,CA,4,2,1436,Residential,20080516,185074,38.48291,-121.491509,0,0
8369 FOPPIANO WAY,SACRAMENTO,95829,CA,3,2,1124,Residential,20080516,185833,38.453839,-121.357919,0,0
8817 SAWTELLE WAY,SACRAMENTO,95826,CA,4,2,1139,Residential,20080516,186785,38.565322,-121.374251,0,0
1910 BONAVISTA WAY,SACRAMENTO,95832,CA,3,2,1638,Residential,20080516,187000,38.476048,-121.494961,0,0
8 TIDE CT,SACRAMENTO,95833,CA,3,2,1328,Residential,20080516,188335,38.609864,-121.492304,0,0
8952 ROCKY CREEK CT,ELK GROVE,95758,CA,3,2,1273,Residential,20080516,190000,38.431239,-121.44001,0,0
435 EXCHANGE ST,SACRAMENTO,95838,CA,3,1,1082,Residential,20080516,190000,38.659434,-121.455236,0,0
10105 MONTE VALLO CT,SACRAMENTO,95827,CA,4,2,1578,Residential,20080516,190000,38.573917,-121.316916,0,0
3930 ANNABELLE AVE,ROSEVILLE,95661,CA,2,1,796,Residential,20080516,190000,38.727609,-121.226494,0,0
4854 TANGERINE AVE,SACRAMENTO,95823,CA,3,2,1386,Residential,20080516,191250,38.478239,-121.446326,0,0
2909 SHAWN WAY,RANCHO CORDOVA,95670,CA,3,2,1452,Residential,20080516,193000,38.589925,-121.299059,0,0
4290 BLACKFORD WAY,SACRAMENTO,95823,CA,3,2,1513,Residential,20080516,193500,38.470494,-121.454162,0,0
5890 TT TRAK,FORESTHILL,95631,CA,0,0,0,Residential,20080516,194818,39.020808,-120.821518,1,0
7015 WOODSIDE DR,SACRAMENTO,95842,CA,4,2,1578,Residential,20080516,195000,38.693071,-121.332365,0,0
6019 CHESHIRE WAY,CITRUS HEIGHTS,95610,CA,4,3,1736,Residential,20080516,195000,38.676437,-121.279165,0,0
3330 VILLAGE CT,CAMERON PARK,95682,CA,2,2,0,Residential,20080516,195000,38.690504,-120.996245,1,0
2561 VERNA WAY,SACRAMENTO,95821,CA,3,1,1473,Residential,20080516,195000,38.611055,-121.369964,0,0
3522 22ND AVE,SACRAMENTO,95820,CA,3,1,1150,Residential,20080516,198000,38.532725,-121.469078,0,0
2880 CANDIDO DR,SACRAMENTO,95833,CA,3,2,1127,Residential,20080516,199900,38.618019,-121.510215,0,0
6908 PIN OAK CT,FAIR OAKS,95628,CA,3,1,1144,Residential,20080516,200000,38.66424,-121.303675,0,0
5733 ANGELINA AVE,CARMICHAEL,95608,CA,3,1,972,Residential,20080516,201000,38.622634,-121.330846,0,0
7849 BONNY DOWNS WAY,ELK GROVE,95758,CA,4,2,2306,Residential,20080516,204918,38.42139,-121.411339,0,0
8716 LONGSPUR WAY,ANTELOPE,95843,CA,3,2,1479,Residential,20080516,205000,38.724083,-121.3584,0,0
6320 EL DORADO ST,EL DORADO,95623,CA,2,1,1040,Residential,20080516,205000,38.678758,-120.844118,0,0
2328 DOROTHY JUNE WAY,SACRAMENTO,95838,CA,3,2,1430,Residential,20080516,205878,38.641727,-121.412703,0,0
1986 DANVERS WAY,SACRAMENTO,95832,CA,4,2,1800,Residential,20080516,207000,38.47723,-121.492568,0,0
7901 GAZELLE TRAIL WAY,ANTELOPE,95843,CA,4,2,1953,Residential,20080516,207744,38.71174,-121.342675,0,0
6080 BRIDGECROSS DR,SACRAMENTO,95835,CA,3,2,1120,Residential,20080516,209000,38.681952,-121.505009,0,0
20 GROTH CIR,SACRAMENTO,95834,CA,3,2,1232,Residential,20080516,210000,38.640807,-121.533522,0,0
1900 DANBROOK DR,SACRAMENTO,95835,CA,1,1,984,Condo,20080516,210944,38.668433,-121.503471,0,0
140 VENTO CT,ROSEVILLE,95678,CA,3,2,0,Condo,20080516,212500,38.793533,-121.289685,1,0
8442 KEUSMAN ST,ELK GROVE,95758,CA,4,2,2329,Residential,20080516,213750,38.449651,-121.414704,0,0
9552 SUNLIGHT LN,ELK GROVE,95758,CA,3,2,1351,Residential,20080516,215000,38.410561,-121.404327,0,0
2733 YUMA CT,CAMERON PARK,95682,CA,2,2,0,Residential,20080516,215000,38.691215,-120.994949,1,0
1407 TIFFANY CIR,ROSEVILLE,95661,CA,4,1,1376,Residential,20080516,215000,38.736392,-121.2664,0,0
636 CRESTVIEW DR,DIAMOND SPRINGS,95619,CA,3,2,1300,Residential,20080516,216033,38.688255,-120.810235,0,0
1528 HESKET WAY,SACRAMENTO,95825,CA,4,2,1566,Residential,20080516,220000,38.593598,-121.403637,0,0
2327 32ND ST,SACRAMENTO,95817,CA,2,1,1115,Residential,20080516,220000,38.557433,-121.47034,0,0
1833 2ND AVE,SACRAMENTO,95818,CA,2,1,1032,Residential,20080516,220000,38.556818,-121.490669,0,0
7252 CARRIAGE DR,CITRUS HEIGHTS,95621,CA,4,2,1419,Residential,20080516,220000,38.698058,-121.294893,0,0
9815 PASO FINO WAY,ELK GROVE,95757,CA,3,2,1261,Residential,20080516,220000,38.404888,-121.443998,0,0
5532 ENGLE RD,CARMICHAEL,95608,CA,2,2,1637,Residential,20080516,220702,38.63173,-121.335286,0,0
1139 CLINTON RD,SACRAMENTO,95825,CA,4,2,1776,Multi-Family,20080516,221250,38.585291,-121.406824,0,0
9176 SAGE GLEN WAY,ELK GROVE,95758,CA,3,2,1338,Residential,20080516,222000,38.423913,-121.439115,0,0
9967 HATHERTON WAY,ELK GROVE,95757,CA,0,0,0,Residential,20080516,222500,38.3052,-121.4033,1,0
9264 BOULDER RIVER WAY,ELK GROVE,95624,CA,5,2,2254,Residential,20080516,222750,38.421713,-121.345191,0,0
320 GROTH CIR,SACRAMENTO,95834,CA,3,2,1441,Residential,20080516,225000,38.638882,-121.531883,0,0
137 GUNNISON AVE,SACRAMENTO,95838,CA,4,2,1991,Residential,20080516,225000,38.650729,-121.466483,0,0
8209 RIVALLO WAY,SACRAMENTO,95829,CA,4,3,2126,Residential,20080516,228750,38.459524,-121.3501,0,0
8637 PERIWINKLE CIR,ELK GROVE,95624,CA,3,2,1094,Residential,20080516,229000,38.443184,-121.364388,0,0
3425 MEADOW WAY,ROCKLIN,95677,CA,3,2,1462,Residential,20080516,230095,38.798028,-121.235364,0,0
107 JARVIS CIR,SACRAMENTO,95834,CA,5,3,2258,Residential,20080516,232500,38.639891,-121.537603,0,0
2319 THORES ST,RANCHO CORDOVA,95670,CA,3,2,1074,Residential,20080516,233000,38.59675,-121.312716,0,0
8935 MOUNTAIN HOME CT,ELK GROVE,95624,CA,4,2,2111,Residential,20080516,233500,38.38751,-121.370276,0,0
2566 SERENATA WAY,SACRAMENTO,95835,CA,3,2,1686,Residential,20080516,239000,38.671556,-121.520916,0,0
4085 COUNTRY DR,ANTELOPE,95843,CA,4,3,1915,Residential,20080516,240000,38.706209,-121.369509,0,0
9297 TROUT WAY,ELK GROVE,95624,CA,4,2,2367,Residential,20080516,240000,38.420637,-121.375798,0,0
7 ARCHIBALD CT,SACRAMENTO,95823,CA,3,2,1962,Residential,20080516,240971,38.443305,-121.435296,0,0
11130 EEL RIVER CT,RANCHO CORDOVA,95670,CA,2,2,1406,Residential,20080516,242000,38.625932,-121.271517,0,0
8323 REDBANK WAY,SACRAMENTO,95829,CA,3,2,1789,Residential,20080516,243450,38.455753,-121.349273,0,0
16 BRONCO CREEK CT,SACRAMENTO,95835,CA,4,2,1876,Residential,20080516,243500,38.674226,-121.525497,0,0
8316 NORTHAM DR,ANTELOPE,95843,CA,3,2,1235,Residential,20080516,246544,38.720767,-121.376678,0,0
4240 WINJE DR,ANTELOPE,95843,CA,4,2,2504,Residential,20080516,246750,38.70884,-121.359559,0,0
3569 SODA WAY,SACRAMENTO,95834,CA,0,0,0,Residential,20080516,247000,38.631139,-121.501879,1,0
5118 ROBANDER ST,CARMICHAEL,95608,CA,3,2,1676,Residential,20080516,247000,38.657267,-121.310352,0,0
5976 KYLENCH CT,CITRUS HEIGHTS,95621,CA,3,2,1367,Residential,20080516,249000,38.708966,-121.32467,0,0
9247 DELAIR WAY,ELK GROVE,95758,CA,4,3,1899,Residential,20080516,249000,38.422241,-121.458022,0,0
9054 DESCENDANT DR,ELK GROVE,95758,CA,3,2,1636,Residential,20080516,250000,38.428852,-121.415628,0,0
3450 WHITNOR CT,SACRAMENTO,95821,CA,3,2,1828,Residential,20080516,250000,38.627698,-121.369698,0,0
6288 LONETREE BLVD,ROCKLIN,95765,CA,0,0,0,Residential,20080516,250000,38.804993,-121.293609,1,0
9355 MATADOR WAY,SACRAMENTO,95826,CA,4,2,1438,Residential,20080516,252000,38.555633,-121.350691,0,0
8671 SUMMER SUN WAY,ELK GROVE,95624,CA,3,2,1451,Residential,20080516,255000,38.442845,-121.373272,0,0
1890 GENEVA PL,SACRAMENTO,95825,CA,3,1,1520,Residential,20080516,255000,38.599449,-121.400305,0,0
1813 AVENIDA MARTINA,ROSEVILLE,95747,CA,3,2,1506,Residential,20080516,255000,38.776649,-121.339589,0,0
191 BARNHART CIR,SACRAMENTO,95835,CA,4,2,2605,Residential,20080516,257200,38.675594,-121.515878,0,0
6221 GREEN TOP WAY,ORANGEVALE,95662,CA,3,2,1196,Residential,20080516,260000,38.679409,-121.219107,0,0
2298 PRIMROSE LN,LINCOLN,95648,CA,3,2,1621,Residential,20080516,260000,38.89918,-121.322514,0,0
5635 LOS PUEBLOS WAY,SACRAMENTO,95835,CA,3,2,1811,Residential,20080516,263500,38.679191,-121.537622,0,0
10165 LOFTON WAY,ELK GROVE,95757,CA,3,2,1540,Residential,20080516,266510,38.387708,-121.436522,0,0
1251 GREEN RAVINE DR,LINCOLN,95648,CA,4,2,0,Residential,20080516,267750,38.88156,-121.301343,1,0
6001 SHOO FLY RD,PLACERVILLE,95667,CA,0,0,0,Residential,20080516,270000,38.813546,-120.809254,1,0
3040 PARKHAM DR,ROSEVILLE,95747,CA,0,0,0,Residential,20080516,271000,38.770835,-121.366996,1,0
2674 TAM O SHANTER DR,EL DORADO HILLS,95762,CA,4,2,0,Residential,20080516,272700,38.695801,-121.079216,1,0
9949 NESTLING CIR,ELK GROVE,95757,CA,3,2,1543,Residential,20080516,275000,38.397455,-121.468391,0,0
2915 HOLDREGE WAY,SACRAMENTO,95835,CA,5,3,2494,Residential,20080516,276000,38.663728,-121.525833,0,0
2678 BRIARTON DR,LINCOLN,95648,CA,3,2,1650,Residential,20080516,276500,38.844116,-121.274806,0,0
294 SPARROW DR,GALT,95632,CA,4,3,2214,Residential,20080516,278000,38.258976,-121.321266,0,0
2987 DIORITE WAY,SACRAMENTO,95835,CA,5,3,2280,Residential,20080516,279000,38.667332,-121.528276,0,0
6326 APPIAN WAY,CARMICHAEL,95608,CA,3,2,1443,Residential,20080516,280000,38.66266,-121.316858,0,0
6905 COBALT WAY,CITRUS HEIGHTS,95621,CA,4,2,1582,Residential,20080516,280000,38.691393,-121.305215,0,0
8986 HAFLINGER WAY,ELK GROVE,95757,CA,3,2,1857,Residential,20080516,285000,38.397923,-121.450219,0,0
2916 BABSON DR,ELK GROVE,95758,CA,3,2,1735,Residential,20080516,288000,38.417191,-121.473897,0,0
10133 NEBBIOLO CT,ELK GROVE,95624,CA,4,3,2096,Residential,20080516,289000,38.391085,-121.347231,0,0
1103 COMMONS DR,SACRAMENTO,95825,CA,3,2,1720,Residential,20080516,290000,38.567865,-121.410699,0,0
4636 TEAL BAY CT,ANTELOPE,95843,CA,4,2,2160,Residential,20080516,290000,38.704554,-121.354753,0,0
1524 YOUNGS AVE,SACRAMENTO,95838,CA,4,2,1382,Residential,20080516,293996,38.644927,-121.43054,0,0
865 CONRAD CT,PLACERVILLE,95667,CA,3,2,0,Residential,20080516,294000,38.729993,-120.802458,1,0
8463 TERRACOTTA CT,ELK GROVE,95624,CA,4,2,1721,Residential,20080516,294173,38.450548,-121.363002,0,0
5747 KING RD,LOOMIS,95650,CA,4,2,1328,Residential,20080516,295000,38.825096,-121.198432,0,0
8253 KEEGAN WAY,ELK GROVE,95624,CA,0,0,0,Residential,20080516,298000,38.446286,-121.400817,1,0
9204 TROUT WAY,ELK GROVE,95624,CA,4,2,1982,Residential,20080516,298000,38.422221,-121.375799,0,0
1828 2ND AVE,SACRAMENTO,95818,CA,2,1,1144,Residential,20080516,299000,38.556844,-121.490769,0,0
1113 COMMONS DR,SACRAMENTO,95825,CA,2,2,1623,Residential,20080516,300000,38.567795,-121.410703,0,0
2341 BIG STRIKE TRL,COOL,95614,CA,3,2,1457,Residential,20080516,300000,38.905927,-120.975169,0,0
9452 RED SPRUCE WAY,ELK GROVE,95624,CA,6,3,2555,Residential,20080516,300000,38.404505,-121.346938,0,0
5776 TERRACE DR,ROCKLIN,95765,CA,3,2,1577,Residential,20080516,300567,38.800539,-121.260979,0,0
5908 MCLEAN DR,ELK GROVE,95757,CA,5,3,2592,Residential,20080516,303000,38.38912,-121.434389,0,0
8215 PEREGRINE WAY,CITRUS HEIGHTS,95610,CA,3,2,1401,Residential,20080516,305000,38.715493,-121.26293,0,0
1104 HILLSDALE LN,LINCOLN,95648,CA,4,2,0,Residential,20080516,306000,38.865017,-121.32302,1,0
2949 PANAMA AVE,CARMICHAEL,95608,CA,3,2,1502,Residential,20080516,310000,38.618369,-121.326187,0,0
1356 HARTLEY WAY,FOLSOM,95630,CA,3,2,1327,Residential,20080516,310000,38.651617,-121.131674,0,0
633 HANISCH DR,ROSEVILLE,95678,CA,4,3,1800,Residential,20080516,310000,38.76349,-121.275881,0,0
63 ANGEL ISLAND CIR,SACRAMENTO,95831,CA,4,2,2169,Residential,20080516,311518,38.490408,-121.547664,0,0
1571 WILD OAK LN,LINCOLN,95648,CA,5,3,2457,Residential,20080516,312000,38.844144,-121.274174,0,0
5222 COPPER SUNSET WAY,RANCHO CORDOVA,95742,CA,0,0,0,Residential,20080516,313000,38.529181,-121.224755,1,0
5601 SPINDRIFT LN,ORANGEVALE,95662,CA,4,2,2004,Residential,20080516,315000,38.668289,-121.192316,0,0
652 FIFTEEN MILE DR,ROSEVILLE,95678,CA,4,3,2212,Residential,20080516,315000,38.775872,-121.298864,0,0
7921 DOE TRAIL WAY,ANTELOPE,95843,CA,5,3,3134,Residential,20080516,315000,38.711927,-121.343608,0,0
4204 LUSK DR,SACRAMENTO,95864,CA,3,2,1360,Residential,20080516,315000,38.606569,-121.368424,0,0
5321 DELTA DR,ROCKLIN,95765,CA,4,2,0,Residential,20080516,315000,38.815493,-121.262908,1,0
5608 ROSEDALE WAY,SACRAMENTO,95822,CA,3,2,1276,Residential,20080516,320000,38.525115,-121.518689,0,0
3372 BERETANIA WAY,SACRAMENTO,95834,CA,4,3,2962,Residential,20080516,322000,38.64977,-121.53448,0,0
2422 STEFANIE DR,ROCKLIN,95765,CA,4,2,1888,Residential,20080516,325000,38.82273,-121.26424,0,0
3232 PARKHAM DR,ROSEVILLE,95747,CA,0,0,0,Residential,20080516,325500,38.772821,-121.364821,1,0
448 ELMWOOD CT,ROSEVILLE,95678,CA,3,2,0,Residential,20080516,326951,38.771917,-121.304439,1,0
1214 DAWNWOOD DR,GALT,95632,CA,3,2,1548,Residential,20080516,328370,38.290119,-121.286023,0,0
1440 EMERALD LN,LINCOLN,95648,CA,2,2,0,Residential,20080516,330000,38.861864,-121.267478,1,0
3349 CORVINA DR,RANCHO CORDOVA,95670,CA,4,3,2109,Residential,20080516,330000,38.580545,-121.279016,0,0
10254 JULIANA WAY,SACRAMENTO,95827,CA,4,2,2484,Residential,20080516,331200,38.56803,-121.309966,0,0
149 OPUS CIR,SACRAMENTO,95834,CA,4,3,2258,Residential,20080516,332000,38.6354,-121.53499,0,0
580 REGENCY PARK CIR,SACRAMENTO,95835,CA,3,3,2212,Residential,20080516,334000,38.674864,-121.4958,0,0
5544 CAMAS CT,ORANGEVALE,95662,CA,3,2,1616,Residential,20080516,335000,38.667703,-121.209456,0,0
5102 ARCHCREST WAY,SACRAMENTO,95835,CA,4,2,2372,Residential,20080516,341000,38.66841,-121.494639,0,0
5725 BALFOR RD,ROCKLIN,95765,CA,5,3,2606,Residential,20080516,346375,38.807816,-121.270008,0,0
7697 ROSEHALL DR,ROSEVILLE,95678,CA,5,3,0,Residential,20080516,347225,38.79218,-121.28595,1,0
4821 HUTSON WAY,ELK GROVE,95757,CA,5,3,2877,Residential,20080516,349000,38.386239,-121.448159,0,0
4509 WINJE DR,ANTELOPE,95843,CA,3,2,2960,Residential,20080516,350000,38.709513,-121.359357,0,0
1965 LAURELHURST LN,LINCOLN,95648,CA,2,2,0,Residential,20080516,350000,38.853869,-121.271742,1,0
6709 ROSE BRIDGE DR,ROSEVILLE,95678,CA,3,2,2172,Residential,20080516,350000,38.792461,-121.275711,0,0
281 SPYGLASS HL,ROSEVILLE,95678,CA,3,2,2100,Condo,20080516,350000,38.762153,-121.283451,0,0
7709 RIVER VILLAGE DR,SACRAMENTO,95831,CA,3,2,1795,Residential,20080516,351000,38.483212,-121.54019,0,0
4165 BRISBANE CIR,EL DORADO HILLS,95762,CA,3,2,0,Residential,20080516,356200,38.686067,-121.073413,1,0
506 BEDFORD CT,ROSEVILLE,95661,CA,4,2,2295,Residential,20080516,360000,38.733985,-121.236766,0,0
9048 PINTO CANYON WAY,ROSEVILLE,95747,CA,4,3,2577,Residential,20080516,367463,38.792493,-121.331899,0,0
2274 IVY BRIDGE DR,ROSEVILLE,95747,CA,0,0,0,Residential,20080516,375000,38.778561,-121.362008,1,0
14004 WALNUT AVE,WALNUT GROVE,95690,CA,3,1,1727,Residential,20080516,380000,38.247659,-121.515129,0,0
6905 FRANKFORT CT,ELK GROVE,95758,CA,3,2,1485,Residential,20080516,380578,38.429139,-121.423444,0,0
3621 WINTUN DR,CARMICHAEL,95608,CA,3,2,1655,Residential,20080516,386222,38.629929,-121.323086,0,0
201 KIRKLAND CT,LINCOLN,95648,CA,0,0,0,Residential,20080516,389000,38.867125,-121.319085,1,0
12075 APPLESBURY CT,RANCHO CORDOVA,95742,CA,0,0,0,Residential,20080516,390000,38.5357,-121.2249,1,0
1975 SIDESADDLE WAY,ROSEVILLE,95661,CA,3,2,2049,Residential,20080516,395500,38.737872,-121.249025,0,0
5420 ALMOND FALLS WAY,RANCHO CORDOVA,95742,CA,0,0,0,Residential,20080516,396000,38.527384,-121.233531,1,0
9677 PILLITERI CT,ELK GROVE,95757,CA,5,3,2875,Residential,20080516,397000,38.405571,-121.445186,0,0
1515 EL CAMINO VERDE DR,LINCOLN,95648,CA,0,0,0,Residential,20080516,400000,38.904869,-121.32075,1,0
556 PLATT CIR,EL DORADO HILLS,95762,CA,4,2,2199,Residential,20080516,400000,38.656299,-121.079783,0,0
1792 DIAMOND WOODS CIR,ROSEVILLE,95747,CA,4,3,0,Residential,20080516,412500,38.808581,-121.32785,1,0
1124 PERKINS WAY,SACRAMENTO,95818,CA,2,1,1304,Residential,20080516,413500,38.551611,-121.504437,0,0
4748 SALEM WAY,CARMICHAEL,95608,CA,3,2,2334,Residential,20080516,415000,38.634111,-121.353376,0,0
1484 RADCLIFFE WAY,AUBURN,95603,CA,4,3,2278,Residential,20080516,420454,38.935579,-121.079018,0,0
51 AIKEN WAY,SACRAMENTO,95819,CA,3,1,1493,Residential,20080516,425000,38.579326,-121.44252,0,0
2818 KNOLLWOOD DR,CAMERON PARK,95682,CA,3,2,0,Residential,20080516,425000,38.669805,-120.999007,1,0
1536 STONEY CROSS LN,LINCOLN,95648,CA,0,0,0,Residential,20080516,433500,38.860007,-121.310946,1,0
509 CASTILLIAN CT,ROSEVILLE,95747,CA,5,3,0,Residential,20080516,438000,38.804773,-121.341195,1,0
700 HUNTER PL,FOLSOM,95630,CA,5,3,2787,Residential,20080516,441000,38.66051,-121.163689,0,0
1240 FAY CIR,SACRAMENTO,95831,CA,5,3,2824,Residential,20080516,445000,38.506371,-121.514456,0,0
1113 SANDWICK WAY,FOLSOM,95630,CA,4,3,3261,Residential,20080516,446000,38.673882,-121.105077,0,0
3108 DELWOOD WAY,SACRAMENTO,95821,CA,4,2,2053,Residential,20080516,450000,38.621566,-121.370882,0,0
3212 CORNICHE LN,ROSEVILLE,95661,CA,4,3,2379,Residential,20080516,455000,38.750577,-121.232768,0,0
2159 BECKETT DR,EL DORADO HILLS,95762,CA,3,2,0,Residential,20080516,460000,38.680092,-121.036467,1,0
4320 FOUR SEASONS RD,PLACERVILLE,95667,CA,3,2,0,Residential,20080516,475000,38.690867,-120.693641,1,0
6401 MARSHALL RD,GARDEN VALLEY,95633,CA,3,2,0,Residential,20080516,490000,38.84255,-120.8754,1,0
2089 BECKETT DR,EL DORADO HILLS,95762,CA,4,2,0,Residential,20080516,493000,38.681778,-121.035838,1,0
6196 EDGEHILL DR,EL DORADO HILLS,95762,CA,5,4,0,Residential,20080516,508000,38.676131,-121.038931,1,0
200 HILLSFORD CT,ROSEVILLE,95747,CA,0,0,0,Residential,20080516,511000,38.780051,-121.378718,1,0
8217 PLUMERIA AVE,FAIR OAKS,95628,CA,3,2,3173,Residential,20080516,525000,38.650735,-121.258628,0,0
4841 VILLAGE GREEN DR,EL DORADO HILLS,95762,CA,4,3,0,Residential,20080516,533000,38.664066,-121.056735,1,1
3863 LAS PASAS WAY,SACRAMENTO,95864,CA,3,1,1348,Residential,20080516,545000,38.588936,-121.373606,0,1
820 DANA CT,AUBURN,95603,CA,4,3,0,Residential,20080516,560000,38.865246,-121.094869,1,1
1165 37TH ST,SACRAMENTO,95816,CA,2,1,1252,Residential,20080516,575000,38.568438,-121.457854,0,1
203 CASCADE FALLS DR,FOLSOM,95630,CA,4,3,3229,Residential,20080516,575000,38.703962,-121.1871,0,1
9880 IZILDA CT,SACRAMENTO,95829,CA,5,4,3863,Residential,20080516,598695,38.45326,-121.32573,0,1
1800 AVONDALE DR,ROSEVILLE,95747,CA,5,3,0,Residential,20080516,600000,38.798448,-121.344054,1,1
4620 BROMWICH CT,ROCKLIN,95677,CA,4,3,0,Residential,20080516,600000,38.772672,-121.220232,1,1
620 KESWICK CT,GRANITE BAY,95746,CA,4,3,2356,Residential,20080516,600000,38.732096,-121.219142,0,1
4478 GREENBRAE RD,ROCKLIN,95677,CA,0,0,0,Residential,20080516,600000,38.781134,-121.222801,1,1
8432 BRIGGS DR,ROSEVILLE,95747,CA,5,3,3579,Residential,20080516,610000,38.78861,-121.339495,0,1
200 CRADLE MOUNTAIN CT,EL DORADO HILLS,95762,CA,0,0,0,Residential,20080516,622500,38.6478,-121.0309,1,1
2065 IMPRESSIONIST WAY,EL DORADO HILLS,95762,CA,0,0,0,Residential,20080516,680000,38.682961,-121.033253,1,1
2982 ABERDEEN LN,EL DORADO HILLS,95762,CA,4,3,0,Residential,20080516,879000,38.706692,-121.058869,1,1
9401 BARREL RACER CT,WILTON,95693,CA,4,3,4400,Residential,20080516,884790,38.415298,-121.194858,0,1
3720 VISTA DE MADERA,LINCOLN,95648,CA,3,3,0,Residential,20080516,1551,38.851645,-121.231742,1,0
14151 INDIO DR,SLOUGHHOUSE,95683,CA,3,4,5822,Residential,20080516,2000,38.490447,-121.129337,0,0
7401 TOULON LN,SACRAMENTO,95828,CA,4,2,1512,Residential,20080515,56950,38.488628,-121.387759,0,0
9127 NEWHALL DR Unit 34,SACRAMENTO,95826,CA,1,1,611,Condo,20080515,60000,38.542419,-121.359904,0,0
5937 BAMFORD DR,SACRAMENTO,95823,CA,2,1,876,Residential,20080515,61000,38.471139,-121.432255,0,0
5672 HILLSDALE BLVD,SACRAMENTO,95842,CA,2,1,933,Condo,20080515,62000,38.670467,-121.359799,0,0
3920 39TH ST,SACRAMENTO,95820,CA,2,1,864,Residential,20080515,68566,38.539213,-121.46393,0,0
701 JESSIE AVE,SACRAMENTO,95838,CA,2,1,1011,Residential,20080515,70000,38.643978,-121.449562,0,0
83 ARCADE BLVD,SACRAMENTO,95815,CA,4,2,1158,Residential,20080515,80000,38.618716,-121.466327,0,0
601 REGGINALD WAY,SACRAMENTO,95838,CA,3,2,1092,Residential,20080515,85500,38.64472,-121.452228,0,0
550 DEL VERDE CIR,SACRAMENTO,95833,CA,2,1,956,Condo,20080515,92000,38.627147,-121.500799,0,0
4113 DAYSTAR CT,SACRAMENTO,95824,CA,2,2,1139,Residential,20080515,93600,38.520469,-121.458606,0,0
7374 TISDALE WAY,SACRAMENTO,95822,CA,3,1,1058,Residential,20080515,95000,38.488238,-121.472561,0,0
3348 RIO LINDA BLVD,SACRAMENTO,95838,CA,3,2,1040,Residential,20080515,97750,38.628842,-121.446127,0,0
3935 LIMESTONE WAY,SACRAMENTO,95823,CA,3,2,1354,Residential,20080515,104000,38.484374,-121.463157,0,0
6208 GRATTAN WAY,NORTH HIGHLANDS,95660,CA,3,1,1051,Residential,20080515,105000,38.679279,-121.376615,0,0
739 E WOODSIDE LN Unit E,SACRAMENTO,95825,CA,1,1,682,Condo,20080515,107666,38.578675,-121.409951,0,0
4225 46TH AVE,SACRAMENTO,95824,CA,3,1,1161,Residential,20080515,109000,38.511893,-121.457676,0,0
1434 BELL AVE,SACRAMENTO,95838,CA,3,1,1004,Residential,20080515,110000,38.647398,-121.432914,0,0
5628 GEORGIA DR,NORTH HIGHLANDS,95660,CA,3,1,1229,Residential,20080515,110000,38.669587,-121.379879,0,0
7629 BETH ST,SACRAMENTO,95832,CA,3,2,1249,Residential,20080515,112500,38.480126,-121.487869,0,0
2277 BABETTE WAY,SACRAMENTO,95832,CA,3,2,1161,Residential,20080515,114800,38.479593,-121.48434,0,0
6561 WEATHERFORD WAY,SACRAMENTO,95823,CA,3,1,1010,Residential,20080515,116000,38.465551,-121.42661,0,0
3035 ESTEPA DR Unit 5C,CAMERON PARK,95682,CA,0,0,0,Condo,20080515,119000,38.681393,-120.996713,1,0
5136 CABOT CIR,SACRAMENTO,95820,CA,4,2,1462,Residential,20080515,121500,38.528479,-121.411806,0,0
7730 ROBINETTE RD,SACRAMENTO,95828,CA,3,2,1269,Residential,20080515,122000,38.47709,-121.410569,0,0
87 LACAM CIR,SACRAMENTO,95820,CA,2,2,1188,Residential,20080515,123675,38.532359,-121.41167,0,0
1691 NOGALES ST,SACRAMENTO,95838,CA,4,2,1570,Residential,20080515,126854,38.631925,-121.427775,0,0
3118 42ND ST,SACRAMENTO,95817,CA,3,2,1093,Residential,20080515,127059,38.546091,-121.457745,0,0
7517 50TH AVE,SACRAMENTO,95828,CA,3,1,962,Residential,20080515,128687,38.507339,-121.416267,0,0
4071 EVALITA WAY,SACRAMENTO,95823,CA,3,2,1089,Residential,20080515,129500,38.466388,-121.458861,0,0
7928 36TH AVE,SACRAMENTO,95824,CA,3,2,1127,Residential,20080515,130000,38.52049,-121.411383,0,0
6631 DEMARET DR,SACRAMENTO,95822,CA,4,2,1309,Residential,20080515,131750,38.506382,-121.483574,0,0
7043 9TH AVE,RIO LINDA,95673,CA,2,1,970,Residential,20080515,132000,38.695589,-121.444133,0,0
97 KENNELFORD CIR,SACRAMENTO,95823,CA,3,2,1144,Residential,20080515,134000,38.462376,-121.426556,0,0
2636 TRONERO WAY,RANCHO CORDOVA,95670,CA,3,1,1000,Residential,20080515,134000,38.593049,-121.30304,0,0
1530 TOPANGA LN Unit 204,LINCOLN,95648,CA,0,0,0,Condo,20080515,138000,38.88415,-121.270277,1,0
3604 KODIAK WAY,ANTELOPE,95843,CA,3,2,1206,Residential,20080515,142000,38.706175,-121.379776,0,0
2149 COTTAGE WAY,SACRAMENTO,95825,CA,3,1,1285,Residential,20080515,143012,38.603593,-121.417011,0,0
8632 PRAIRIEWOODS DR,SACRAMENTO,95828,CA,3,2,1543,Residential,20080515,145846,38.477563,-121.384382,0,0
612 STONE BLVD,WEST SACRAMENTO,95691,CA,2,1,884,Residential,20080515,147000,38.563084,-121.535579,0,0
4180 12TH AVE,SACRAMENTO,95817,CA,3,1,1019,Residential,20080515,148750,38.54117,-121.458129,0,0
8025 ARROYO VISTA DR,SACRAMENTO,95823,CA,4,2,1392,Residential,20080515,150000,38.46654,-121.419029,0,0
5754 WALERGA RD Unit 4,SACRAMENTO,95842,CA,2,1,924,Condo,20080515,150454,38.672567,-121.356754,0,0
8 LA ROCAS CT,SACRAMENTO,95823,CA,3,2,1217,Residential,20080515,151087,38.46616,-121.448283,0,0
8636 LONGSPUR WAY,ANTELOPE,95843,CA,3,2,1670,Residential,20080515,157296,38.725873,-121.35856,0,0
1941 EXPEDITION WAY,SACRAMENTO,95832,CA,3,2,1302,Residential,20080515,157500,38.473775,-121.493777,0,0
4351 TURNBRIDGE DR,SACRAMENTO,95823,CA,3,2,1488,Residential,20080515,160000,38.502034,-121.456027,0,0
6513 HOLIDAY WAY,NORTH HIGHLANDS,95660,CA,3,2,1373,Residential,20080515,160000,38.685361,-121.376938,0,0
8321 MISTLETOE WAY,CITRUS HEIGHTS,95621,CA,4,2,1381,Residential,20080515,161250,38.717738,-121.308322,0,0
5920 VALLEY GLEN WAY,SACRAMENTO,95823,CA,3,2,1265,Residential,20080515,164000,38.462821,-121.433135,0,0
2601 SAN FERNANDO WAY,SACRAMENTO,95818,CA,2,1,881,Residential,20080515,165000,38.556178,-121.476256,0,0
501 POPLAR AVE,WEST SACRAMENTO,95691,CA,0,0,0,Residential,20080515,165000,38.584526,-121.534609,1,0
8008 SAINT HELENA CT,SACRAMENTO,95829,CA,4,2,1608,Residential,20080515,165750,38.467012,-121.359969,0,0
6517 DONEGAL DR,CITRUS HEIGHTS,95621,CA,3,1,1344,Residential,20080515,166000,38.681554,-121.312934,0,0
1001 RIO NORTE WAY,SACRAMENTO,95834,CA,3,2,1202,Residential,20080515,169000,38.634292,-121.485106,0,0
604 P ST,LINCOLN,95648,CA,3,2,1104,Residential,20080515,170000,38.893168,-121.305398,0,0
10001 WOODCREEK OAKS BLVD Unit 815,ROSEVILLE,95747,CA,2,2,0,Condo,20080515,170000,38.795529,-121.328819,1,0
7351 GIGI PL,SACRAMENTO,95828,CA,4,2,1859,Multi-Family,20080515,170000,38.490606,-121.410173,0,0
7740 DIXIE LOU ST,SACRAMENTO,95832,CA,3,2,1232,Residential,20080515,170000,38.475853,-121.477039,0,0
7342 DAVE ST,SACRAMENTO,95828,CA,3,1,1638,Residential,20080515,170725,38.490822,-121.401643,0,0
7687 HOWERTON DR,SACRAMENTO,95831,CA,2,2,1177,Residential,20080515,171750,38.480859,-121.539745,0,0
26 KAMSON CT,SACRAMENTO,95833,CA,3,2,1582,Residential,20080515,172000,38.622794,-121.499173,0,0
7045 PEEVEY CT,SACRAMENTO,95823,CA,2,2,904,Residential,20080515,173056,38.502254,-121.451444,0,0
8916 GABLES MILL PL,ELK GROVE,95758,CA,3,2,1340,Residential,20080515,174000,38.433919,-121.422347,0,0
1140 EDMONTON DR,SACRAMENTO,95833,CA,3,2,1204,Residential,20080515,174250,38.62457,-121.486913,0,0
8879 APPLE PEAR CT,ELK GROVE,95624,CA,4,2,1477,Residential,20080515,176850,38.44574,-121.3725,0,0
9 WIND CT,SACRAMENTO,95823,CA,4,2,1497,Residential,20080515,179500,38.45073,-121.427528,0,0
8570 SHERATON DR,FAIR OAKS,95628,CA,3,1,960,Residential,20080515,185000,38.667254,-121.240708,0,0
1550 TOPANGA LN Unit 207,LINCOLN,95648,CA,0,0,0,Condo,20080515,188000,38.88417,-121.270222,1,0
1080 RIO NORTE WAY,SACRAMENTO,95834,CA,3,2,1428,Residential,20080515,188700,38.634335,-121.486098,0,0
5501 VALLETTA WAY,SACRAMENTO,95820,CA,3,1,1039,Residential,20080515,189000,38.530144,-121.43749,0,0
5624 MEMORY LN,FAIR OAKS,95628,CA,3,1,1529,Residential,20080515,189000,38.66745,-121.2364,0,0
6622 WILLOWLEAF DR,CITRUS HEIGHTS,95621,CA,4,3,1892,Residential,20080515,189836,38.699714,-121.311635,0,0
27 MEGAN CT,SACRAMENTO,95838,CA,4,2,1887,Residential,20080515,190000,38.649258,-121.465308,0,0
6601 WOODMORE OAKS DR,ORANGEVALE,95662,CA,3,2,1294,Residential,20080515,191250,38.687006,-121.254319,0,0
1973 DANVERS WAY,SACRAMENTO,95832,CA,3,2,1638,Residential,20080515,191675,38.477568,-121.492574,0,0
8001 ARROYO VISTA DR,SACRAMENTO,95823,CA,3,2,1677,Residential,20080515,195500,38.46734,-121.419843,0,0
7409 VOYAGER WAY,CITRUS HEIGHTS,95621,CA,3,1,1073,Residential,20080515,198000,38.700717,-121.3133,0,0
815 CROSSWIND DR,SACRAMENTO,95838,CA,3,2,1231,Residential,20080515,200000,38.651386,-121.45042,0,0
5509 LAGUNA CREST WAY,ELK GROVE,95758,CA,3,2,1175,Residential,20080515,200000,38.42442,-121.440357,0,0
8424 MERRY HILL WAY,ELK GROVE,95624,CA,3,2,1416,Residential,20080515,200000,38.452075,-121.366461,0,0
1525 PENNSYLVANIA AVE,WEST SACRAMENTO,95691,CA,0,0,0,Residential,20080515,200100,38.569943,-121.527539,1,0
5954 BRIDGECROSS DR,SACRAMENTO,95835,CA,3,2,1358,Residential,20080515,201528,38.68197,-121.500025,0,0
8789 SEQUOIA WOOD CT,ELK GROVE,95624,CA,4,2,1609,Residential,20080515,204750,38.438818,-121.37443,0,0
6600 SILVERTHORNE CIR,SACRAMENTO,95842,CA,4,3,1968,Residential,20080515,205000,38.68607,-121.342369,0,0
2221 2ND AVE,SACRAMENTO,95818,CA,2,2,1089,Residential,20080515,205000,38.555781,-121.485331,0,0
3230 SMATHERS WAY,CARMICHAEL,95608,CA,3,2,1296,Residential,20080515,205900,38.623372,-121.347665,0,0
5209 LAGUNA CREST WAY,ELK GROVE,95758,CA,2,2,1189,Residential,20080515,207000,38.424421,-121.443915,0,0
416 LEITCH AVE,SACRAMENTO,95815,CA,2,1,795,Residential,20080515,207973,38.612694,-121.456669,0,0
2100 BEATTY WAY,ROSEVILLE,95747,CA,3,2,1371,Residential,20080515,208250,38.737882,-121.308142,0,0
6920 GILLINGHAM WAY,NORTH HIGHLANDS,95660,CA,3,1,1310,Residential,20080515,208318,38.694279,-121.373395,0,0
82 WILDFLOWER DR,GALT,95632,CA,3,2,1262,Residential,20080515,209347,38.259708,-121.311616,0,0
8652 BANTON CIR,ELK GROVE,95624,CA,4,2,1740,Residential,20080515,211500,38.444,-121.370993,0,0
8428 MISTY PASS WAY,ANTELOPE,95843,CA,3,2,1517,Residential,20080515,212000,38.722959,-121.347115,0,0
7958 ROSEVIEW WAY,SACRAMENTO,95828,CA,3,2,1450,Residential,20080515,213000,38.467836,-121.410366,0,0
9020 LUKEN CT,ELK GROVE,95624,CA,3,2,1416,Residential,20080515,216000,38.451398,-121.366614,0,0
7809 VALLECITOS WAY,SACRAMENTO,95828,CA,3,1,888,Residential,20080515,216021,38.508217,-121.411207,0,0
8445 OLD AUBURN RD,CITRUS HEIGHTS,95610,CA,3,2,1882,Residential,20080515,219000,38.715423,-121.246743,0,0
10085 ATKINS DR,ELK GROVE,95757,CA,3,2,1302,Residential,20080515,219794,38.390893,-121.437821,0,0
9185 CERROLINDA CIR,ELK GROVE,95758,CA,3,2,1418,Residential,20080515,220000,38.424497,-121.426595,0,0
9197 CORTINA CIR,ROSEVILLE,95678,CA,3,2,0,Condo,20080515,220000,38.793152,-121.290025,1,0
5429 HESPER WAY,CARMICHAEL,95608,CA,4,2,1319,Residential,20080515,220000,38.665104,-121.315901,0,0
1178 WARMWOOD CT,GALT,95632,CA,4,2,1770,Residential,20080515,220000,38.289544,-121.284607,0,0
4900 ELUDE CT,SACRAMENTO,95842,CA,4,2,1627,Residential,20080515,223000,38.69674,-121.350519,0,0
3557 SODA WAY,SACRAMENTO,95834,CA,0,0,0,Residential,20080515,224000,38.631026,-121.501879,1,0
3528 SAINT GEORGE DR,SACRAMENTO,95821,CA,3,1,1040,Residential,20080515,224000,38.629468,-121.376445,0,0
7381 WASHBURN WAY,NORTH HIGHLANDS,95660,CA,3,1,960,Residential,20080515,224252,38.70355,-121.375103,0,0
2181 WINTERHAVEN CIR,CAMERON PARK,95682,CA,3,2,0,Residential,20080515,224500,38.69757,-120.995739,1,0
7540 HICKORY AVE,ORANGEVALE,95662,CA,3,1,1456,Residential,20080515,225000,38.703056,-121.235221,0,0
5024 CHAMBERLIN CIR,ELK GROVE,95757,CA,3,2,1450,Residential,20080515,228000,38.389756,-121.446246,0,0
2400 INVERNESS DR,LINCOLN,95648,CA,3,2,1358,Residential,20080515,229027,38.897814,-121.324691,0,0
5 BISHOPGATE CT,SACRAMENTO,95823,CA,4,2,1329,Residential,20080515,229500,38.467936,-121.445477,0,0
5601 REXLEIGH DR,SACRAMENTO,95823,CA,4,2,1715,Residential,20080515,230000,38.445342,-121.441504,0,0
1909 YARNELL WAY,ELK GROVE,95758,CA,3,2,1262,Residential,20080515,230000,38.417382,-121.484325,0,0
9169 GARLINGTON CT,SACRAMENTO,95829,CA,4,3,2280,Residential,20080515,232425,38.457679,-121.35962,0,0
6932 RUSKUT WAY,SACRAMENTO,95823,CA,3,2,1477,Residential,20080515,234000,38.499893,-121.45889,0,0
7933 DAFFODIL WAY,CITRUS HEIGHTS,95610,CA,3,2,1216,Residential,20080515,235000,38.708824,-121.256803,0,0
8304 RED FOX WAY,ELK GROVE,95758,CA,4,2,1685,Residential,20080515,235301,38.417,-121.397424,0,0
3882 YELLOWSTONE LN,EL DORADO HILLS,95762,CA,3,2,1362,Residential,20080515,235738,38.655245,-121.075915,0,0
